sep=,
"Input","Match type","Approved symbol","Approved name","HGNC ID","Location"
"AL449106.1","Unmatched","","","",""
"AC069503.1","Unmatched","","","",""
"C12orf49","Previous symbol","SPRING1","SREBF pathway regulator in golgi 1","HGNC:26128","12q24.22"
"AL592430.1","Unmatched","","","",""
"AC123768.5","Unmatched","","","",""
"FAM71E1","Previous symbol","GARIN5A","golgi associated RAB2 interactor 5A","HGNC:25107","19q13.33"
"AL163953.1","Unmatched","","","",""
"AC074011.1","Unmatched","","","",""
"AC040934.1","Unmatched","","","",""
"CBWD6","Previous symbol","ZNG1F","Zn regulated GTPase metalloprotein activator 1F","HGNC:31978","9p11.2"
"LINC01358","Previous symbol","JUN-DT","JUN divergent transcript","HGNC:49450","1p32.1"
"AL035658.1","Unmatched","","","",""
"AL138963.4","Unmatched","","","",""
"AC069185.1","Unmatched","","","",""
"AC026689.1","Unmatched","","","",""
"C6orf99","Previous symbol","LINC02901","long intergenic non-protein coding RNA 2901","HGNC:21179","6q25.3"
"AC092574.2","Unmatched","","","",""
"AL109627.1","Unmatched","","","",""
"AC108471.2","Unmatched","","","",""
"AC079601.1","Unmatched","","","",""
"AC008147.1","Unmatched","","","",""
"AL590062.1","Unmatched","","","",""
"AC093019.2","Unmatched","","","",""
"C17orf53","Previous symbol","HROB","homologous recombination factor with OB-fold","HGNC:28460","17q21.31"
"AC068722.1","Unmatched","","","",""
"CASTOR3","Previous symbol","CASTOR3P","CASTOR family member 3, pseudogene","HGNC:29954","7q22.1"
"AC090510.1","Unmatched","","","",""
"AC107027.3","Unmatched","","","",""
"CBWD3","Previous symbol","ZNG1C","Zn regulated GTPase metalloprotein activator 1C","HGNC:18519","9q21.11"
"AL590226.2","Unmatched","","","",""
"AC018618.1","Unmatched","","","",""
"AC084824.5","Unmatched","","","",""
"C21orf62-AS1","Previous symbol","EPCIP-AS1","EPCIP antisense RNA 1","HGNC:1290","21q22.11"
"AL023755.1","Unmatched","","","",""
"AC004130.2","Unmatched","","","",""
"AC005393.1","Unmatched","","","",""
"AC016355.1","Unmatched","","","",""
"C4orf3","Previous symbol","ARLN","allregulin","HGNC:19225","4q26"
"AL391832.2","Unmatched","","","",""
"HIST1H2AB","Previous symbol","H2AC4","H2A clustered histone 4","HGNC:4734","6p22.2"
"AP000763.3","Unmatched","","","",""
"AC008655.2","Unmatched","","","",""
"AC124067.2","Unmatched","","","",""
"AC064836.3","Unmatched","","","",""
"AZIN1-AS1","Previous symbol","MAILR","macrophage interferon regulatory lncRNA","HGNC:51558","8q22.3"
"C15orf65","Previous symbol","PIERCE2","piercer of microtubule wall 2","HGNC:44654","15q21.3"
"AC244093.5","Unmatched","","","",""
"AC024575.1","Unmatched","","","",""
"AL731769.2","Unmatched","","","",""
"CDRT1","Previous symbol","FBXW10B","F-box and WD repeat domain containing 10B","HGNC:14379","17p12"
"AC090469.1","Unmatched","","","",""
"LINC00449","Previous symbol","LINC01232","long intergenic non-protein coding RNA 1232","HGNC:49755","13q32.3"
"AL353743.2","Unmatched","","","",""
"AC079804.3","Unmatched","","","",""
"AL157871.4","Unmatched","","","",""
"AC084809.1","Unmatched","","","",""
"AC024901.1","Unmatched","","","",""
"AC114760.2","Unmatched","","","",""
"AC012368.1","Unmatched","","","",""
"AC019349.1","Unmatched","","","",""
"AC121154.1","Unmatched","","","",""
"AC010331.1","Alias symbol","BICRA-AS2","BICRA antisense RNA 2","HGNC:56742","19q13.33"
"AL513327.1","Unmatched","","","",""
"AL035681.1","Unmatched","","","",""
"AC024267.6","Unmatched","","","",""
"AP003717.4","Unmatched","","","",""
"AC027290.1","Unmatched","","","",""
"AC009495.1","Unmatched","","","",""
"AL928970.1","Unmatched","","","",""
"AC025181.2","Unmatched","","","",""
"AC004158.1","Unmatched","","","",""
"AC100822.1","Unmatched","","","",""
"AC013275.1","Unmatched","","","",""
"C9orf24","Previous symbol","SPMIP6","sperm microtubule inner protein 6","HGNC:19919","9p13.3"
"AC022540.1","Unmatched","","","",""
"C6orf226","Previous symbol","PEX39","peroxisomal biogenesis factor 39","HGNC:34431","6p21.1"
"NDUFA4L2","Previous symbol","COXFA4L2","cytochrome c oxidase hypoxia associated subunit FA4L2","HGNC:29836","12q13.3"
"AL929236.1","Unmatched","","","",""
"AC091057.2","Unmatched","","","",""
"AC061961.1","Unmatched","","","",""
"AC015802.4","Unmatched","","","",""
"AC073475.1","Unmatched","","","",""
"AL022162.1","Unmatched","","","",""
"AC004233.1","Unmatched","","","",""
"CENPJ","Previous symbol","CPAP","centrosome assembly and centriole elongation protein","HGNC:17272","13q12.12-q12.13"
"AL354813.1","Unmatched","","","",""
"AL627309.1","Unmatched","","","",""
"AL139095.4","Unmatched","","","",""
"AC026401.3","Unmatched","","","",""
"AL157371.2","Unmatched","","","",""
"RNASEH1-AS1","Previous symbol","RNASEH1-DT","RNASEH1 divergent transcript","HGNC:49289","2p25.3"
"GARS-DT","Previous symbol","GARS1-DT","GARS1 divergent transcript","HGNC:48951","7p14.3"
"AL138760.1","Unmatched","","","",""
"AC004241.3","Unmatched","","","",""
"AC027117.1","Unmatched","","","",""
"AC104389.5","Unmatched","","","",""
"AC108047.1","Unmatched","","","",""
"AL138724.1","Unmatched","","","",""
"AC113385.1","Unmatched","","","",""
"AC103758.1","Unmatched","","","",""
"AC245041.2","Unmatched","","","",""
"AC010973.2","Unmatched","","","",""
"AL513314.2","Unmatched","","","",""
"AC005070.3","Unmatched","","","",""
"AC007952.4","Unmatched","","","",""
"AC012442.2","Unmatched","","","",""
"AC005332.4","Unmatched","","","",""
"AC016727.1","Alias symbol","USP34-DT","USP34 divergent transcript","HGNC:55262","2p15"
"AC118549.1","Unmatched","","","",""
"AL022069.3","Unmatched","","","",""
"AC092053.4","Unmatched","","","",""
"AL078459.1","Unmatched","","","",""
"AC133528.1","Unmatched","","","",""
"AC022400.4","Unmatched","","","",""
"AL031123.2","Unmatched","","","",""
"MARCH5","Previous symbol","MARCHF5","membrane associated ring-CH-type finger 5","HGNC:26025","10q23.32-q23.33"
"AC092338.2","Unmatched","","","",""
"AC083843.2","Unmatched","","","",""
"AL136441.1","Unmatched","","","",""
"AC108519.1","Unmatched","","","",""
"AC091057.6","Unmatched","","","",""
"HIST1H4D","Previous symbol","H4C4","H4 clustered histone 4","HGNC:4782","6p22.2"
"AC242842.1","Unmatched","","","",""
"AC022167.2","Unmatched","","","",""
"AC092123.1","Unmatched","","","",""
"AC034231.1","Unmatched","","","",""
"AL355472.2","Unmatched","","","",""
"AL355512.1","Unmatched","","","",""
"Z99127.1","Unmatched","","","",""
"AL162377.1","Unmatched","","","",""
"AC073508.3","Unmatched","","","",""
"HIST1H2BH","Previous symbol","H2BC9","H2B clustered histone 9","HGNC:4755","6p22.2"
"AC091978.1","Unmatched","","","",""
"AC100791.3","Unmatched","","","",""
"AC026304.1","Unmatched","","","",""
"AC008264.2","Unmatched","","","",""
"AC233723.1","Unmatched","","","",""
"AL162458.1","Unmatched","","","",""
"HIST1H3E","Previous symbol","H3C6","H3 clustered histone 6","HGNC:4769","6p22.2"
"AC087289.5","Unmatched","","","",""
"AC008840.1","Unmatched","","","",""
"AL139089.1","Unmatched","","","",""
"AC131182.1","Unmatched","","","",""
"MARCH3","Previous symbol","MARCHF3","membrane associated ring-CH-type finger 3","HGNC:28728","5q23.2"
"AC011287.1","Unmatched","","","",""
"AC027601.2","Unmatched","","","",""
"AC105446.1","Unmatched","","","",""
"FAM214B","Previous symbol","ATOSB","atos homolog B","HGNC:25666","9p13.3"
"AC114763.1","Unmatched","","","",""
"AF233439.1","Unmatched","","","",""
"MARCH1","Previous symbol","MARCHF1","membrane associated ring-CH-type finger 1","HGNC:26077","4q32.2-q32.3"
"BX640514.2","Unmatched","","","",""
"AC099560.1","Unmatched","","","",""
"AC095057.3","Unmatched","","","",""
"AC124016.2","Unmatched","","","",""
"H2AFY2","Previous symbol","MACROH2A2","macroH2A.2 histone","HGNC:14453","10q22.1"
"AL121990.1","Unmatched","","","",""
"C1orf112","Previous symbol","FIRRM","FIGNL1 interacting regulator of recombination and mitosis","HGNC:25565","1q24.2"
"AC138150.1","Unmatched","","","",""
"AL662890.1","Unmatched","","","",""
"C9orf64","Previous symbol","QNG1","Q-nucleotide N-glycosylase 1","HGNC:28144","9q21.32"
"C14orf28","Previous symbol","DORIP1","dopamine receptor interacting protein 1","HGNC:19834","14q21.2"
"AC011472.1","Unmatched","","","",""
"C17orf97","Previous symbol","LIAT1","ligand of ATE1","HGNC:33800","17p13.3"
"C18orf25","Previous symbol","ARK2N","arkadia (RNF111) N-terminal like PKA signaling regulator 2N","HGNC:28172","18q21.1"
"AL450326.1","Unmatched","","","",""
"AF127577.2","Unmatched","","","",""
"AC008035.1","Unmatched","","","",""
"AC078795.1","Unmatched","","","",""
"AP000866.5","Unmatched","","","",""
"AL356481.1","Unmatched","","","",""
"TWISTNB","Previous symbol","POLR1F","RNA polymerase I subunit F","HGNC:18027","7p21.1"
"CASC1","Previous symbol","DNAI7","dynein axonemal intermediate chain 7","HGNC:29599","12p12.1"
"AL512625.1","Unmatched","","","",""
"AC004825.3","Unmatched","","","",""
"RNF139-AS1","Previous symbol","RNF139-DT","RNF139 divergent transcript","HGNC:48940","8q24.13"
"AC104187.1","Unmatched","","","",""
"AL139289.2","Unmatched","","","",""
"ARNTL2-AS1","Previous symbol","BMAL2-AS1","BMAL2 antisense RNA 1","HGNC:49892","12p11.23"
"AL451050.2","Unmatched","","","",""
"TMEM8A","Previous symbol","PGAP6","post-GPI attachment to proteins 6","HGNC:17205","16p13.3"
"H2AFJ","Previous symbol","H2AJ","H2A.J histone","HGNC:14456","12p12.3"
"AC026801.2","Unmatched","","","",""
"AL133370.1","Unmatched","","","",""
"AP003086.1","Unmatched","","","",""
"AC129492.4","Unmatched","","","",""
"AL162727.1","Unmatched","","","",""
"AC008393.1","Unmatched","","","",""
"AC097448.1","Unmatched","","","",""
"AC068658.1","Unmatched","","","",""
"AC109347.1","Unmatched","","","",""
"HIST4H4","Previous symbol","H4C16","H4 histone 16","HGNC:20510","12p12.3"
"AC118754.1","Unmatched","","","",""
"AC005837.1","Unmatched","","","",""
"AL110114.1","Unmatched","","","",""
"AC024560.5","Unmatched","","","",""
"AP001372.1","Unmatched","","","",""
"AP002748.4","Unmatched","","","",""
"AL133351.1","Unmatched","","","",""
"AL357079.1","Alias symbol","LINC02918","long intergenic non-protein coding RNA 2918","HGNC:55649","1p34.1"
"AC008875.2","Unmatched","","","",""
"KIAA0100","Previous symbol","BLTP2","bridge-like lipid transfer protein family member 2","HGNC:28960","17q11.2"
"KIAA1324","Previous symbol","ELAPOR1","endosome-lysosome associated apoptosis and autophagy regulator 1","HGNC:29618","1p13.3"
"FLJ45513","Unmatched","","","",""
"DARS","Previous symbol","DARS1","aspartyl-tRNA synthetase 1","HGNC:2678","2q21.3"
"ZBED6CL","Previous symbol","ZBED10P","zinc finger BED-type containing 10, pseudogene","HGNC:21720","7q36.1"
"AL355490.2","Unmatched","","","",""
"AC019197.1","Unmatched","","","",""
"AC020651.2","Unmatched","","","",""
"WDR66","Previous symbol","CFAP251","cilia and flagella associated protein 251","HGNC:28506","12q24.31"
"AL021918.4","Unmatched","","","",""
"AC004448.2","Unmatched","","","",""
"AC005288.1","Unmatched","","","",""
"C12orf45","Previous symbol","NOPCHAP1","NOP protein chaperone 1","HGNC:28628","12q23.3"
"SLC35C2","Previous symbol","SLC35H1","solute carrier family 35 member H1","HGNC:17117","20q13.12"
"AC009065.4","Unmatched","","","",""
"AL139274.2","Unmatched","","","",""
"AC090587.1","Unmatched","","","",""
"HIST2H4A","Previous symbol","H4C14","H4 clustered histone 14","HGNC:4794","1q21.2"
"AC009226.1","Unmatched","","","",""
"AC004687.1","Unmatched","","","",""
"AF129075.2","Unmatched","","","",""
"AC055811.1","Unmatched","","","",""
"AC006001.2","Unmatched","","","",""
"IQCG","Previous symbol","DRC9","dynein regulatory complex subunit 9","HGNC:25251","3q29"
"HIST1H2BL","Previous symbol","H2BC13","H2B clustered histone 13","HGNC:4748","6p22.1"
"AC074212.1","Unmatched","","","",""
"AC004830.2","Unmatched","","","",""
"AC131237.1","Unmatched","","","",""
"AL139120.1","Unmatched","","","",""
"AC009185.1","Unmatched","","","",""
"AL844892.1","Unmatched","","","",""
"AL035458.2","Unmatched","","","",""
"AC022126.1","Unmatched","","","",""
"AC074033.1","Unmatched","","","",""
"AC017083.1","Unmatched","","","",""
"AL359915.1","Unmatched","","","",""
"AC011815.1","Unmatched","","","",""
"AL139393.3","Unmatched","","","",""
"AL355001.2","Unmatched","","","",""
"AC092567.1","Unmatched","","","",""
"SPATA5L1","Previous symbol","AFG2B","AAA ATPase AFG2B","HGNC:28762","15q21.1"
"Z93241.1","Unmatched","","","",""
"AC034236.2","Unmatched","","","",""
"AL024474.2","Unmatched","","","",""
"AC012629.2","Unmatched","","","",""
"LINC01558","Previous symbol","AFDN-DT","AFDN divergent transcript","HGNC:21236","6q27"
"TTC26","Previous symbol","IFT56","intraflagellar transport 56","HGNC:21882","7q34"
"AC022217.3","Unmatched","","","",""
"AC006449.5","Unmatched","","","",""
"AC096773.1","Unmatched","","","",""
"AC098851.1","Unmatched","","","",""
"AC078846.1","Unmatched","","","",""
"AC005225.2","Unmatched","","","",""
"AC008429.1","Unmatched","","","",""
"AC133552.5","Unmatched","","","",""
"AC096772.1","Unmatched","","","",""
"AC069234.2","Unmatched","","","",""
"AL157838.1","Unmatched","","","",""
"AC068989.1","Unmatched","","","",""
"AC025171.3","Unmatched","","","",""
"AC010967.1","Unmatched","","","",""
"AL391117.1","Unmatched","","","",""
"AC073283.2","Unmatched","","","",""
"AC012291.3","Unmatched","","","",""
"AL512625.2","Unmatched","","","",""
"AC067930.4","Unmatched","","","",""
"AC008610.1","Unmatched","","","",""
"AC016597.1","Unmatched","","","",""
"AL590006.1","Unmatched","","","",""
"AL356740.1","Unmatched","","","",""
"AC137579.1","Unmatched","","","",""
"AC090159.1","Unmatched","","","",""
"AP000640.2","Unmatched","","","",""
"AC004053.1","Unmatched","","","",""
"AC009090.6","Unmatched","","","",""
"LINC01494","Previous symbol","CDK5R2-AS1","CDK5R2 antisense RNA 1","HGNC:55677","2q35"
"AP001042.1","Unmatched","","","",""
"AC136604.2","Unmatched","","","",""
"AC090204.1","Unmatched","","","",""
"AC129507.2","Unmatched","","","",""
"AL139254.3","Unmatched","","","",""
"AC091564.2","Unmatched","","","",""
"AC117481.1","Unmatched","","","",""
"AC107294.2","Unmatched","","","",""
"AC091271.1","Unmatched","","","",""
"AL513327.2","Unmatched","","","",""
"AC087741.1","Unmatched","","","",""
"AC008883.3","Unmatched","","","",""
"AP001527.2","Unmatched","","","",""
"AL133297.2","Unmatched","","","",""
"AC017002.1","Unmatched","","","",""
"AL049840.5","Unmatched","","","",""
"AL355297.4","Unmatched","","","",""
"AC080129.2","Unmatched","","","",""
"AC105219.1","Unmatched","","","",""
"FAM198B-AS1","Previous symbol","GASK1B-AS1","GASK1B antisense RNA 1","HGNC:53132","4q32.1"
"AL133551.1","Unmatched","","","",""
"AARS","Previous symbol","AARS1","alanyl-tRNA synthetase 1","HGNC:20","16q22.1"
"AL136295.17","Unmatched","","","",""
"AC090644.1","Unmatched","","","",""
"AC016065.1","Unmatched","","","",""
"AC055855.1","Unmatched","","","",""
"AC104958.2","Alias symbol","SNTB1-AS1","SNTB1 antisense RNA 1","HGNC:58133","8q24.12"
"AL160171.1","Unmatched","","","",""
"AC092153.1","Unmatched","","","",""
"AC018845.3","Unmatched","","","",""
"FAM172A","Previous symbol","ARB2A","ARB2 cotranscriptional regulator A","HGNC:25365","5q15"
"AC009318.1","Unmatched","","","",""
"AL138689.2","Unmatched","","","",""
"AC068707.1","Unmatched","","","",""
"PHB","Previous symbol","PHB1","prohibitin 1","HGNC:8912","17q21.33"
"AC013549.3","Unmatched","","","",""
"AC011933.3","Unmatched","","","",""
"AC090192.2","Unmatched","","","",""
"ACPP","Previous symbol","ACP3","acid phosphatase 3","HGNC:125","3q22.1"
"AC004263.2","Unmatched","","","",""
"AC114316.1","Unmatched","","","",""
"AC022364.1","Unmatched","","","",""
"AC144831.1","Unmatched","","","",""
"AC005534.1","Unmatched","","","",""
"AC061975.8","Unmatched","","","",""
"AC009802.1","Unmatched","","","",""
"AC011603.2","Unmatched","","","",""
"AC110491.2","Unmatched","","","",""
"AC107214.1","Unmatched","","","",""
"SPDYE21P","Previous symbol","SPDYE21","speedy/RINGO cell cycle regulator family member E21","HGNC:51517","7q11.21"
"AC132938.3","Unmatched","","","",""
"AC008763.1","Unmatched","","","",""
"AC027097.2","Unmatched","","","",""
"C2orf16","Previous symbol","SPATA31H1","SPATA31 subfamily H member 1","HGNC:25275","2p23.3"
"AC211433.1","Unmatched","","","",""
"U91328.2","Unmatched","","","",""
"AC022007.1","Unmatched","","","",""
"AUXG01000058.1","Unmatched","","","",""
"AL080317.2","Unmatched","","","",""
"FAM102B","Previous symbol","EEIG2","EEIG family member 2","HGNC:27637","1p13.3"
"AC007001.1","Unmatched","","","",""
"MARC2","Previous symbol","MTARC2","mitochondrial amidoxime reducing component 2","HGNC:26064","1q41"
"AC078923.1","Unmatched","","","",""
"LINC01268","Previous symbol","MROCKI","MARCKS cis regulating lncRNA promoter of cytokines and inflammation","HGNC:50323","6q21"
"PRR26","Previous symbol","DIP2C-AS1","DIP2C antisense RNA 1","HGNC:30724","10p15.3"
"AC004704.1","Alias symbol","LINC02945","long intergenic non-protein coding RNA 2945","HGNC:55960","4q25"
"WDR11-AS1","Previous symbol","WDR11-DT","WDR11 divergent transcript","HGNC:27437","10q26.12"
"AL359922.2","Unmatched","","","",""
"AC011043.1","Unmatched","","","",""
"C16orf74","Previous symbol","CLMB","calcimembrin","HGNC:23362","16q24.1"
"AC026894.1","Unmatched","","","",""
"ALOX12-AS1","Previous symbol","MIR497HG","mir-497-195 cluster host gene","HGNC:39523","17p13.1"
"AP002812.2","Unmatched","","","",""
"AC135050.1","Unmatched","","","",""
"STK19","Previous symbol","WHR1","winged helix repair factor 1","HGNC:11398","6p21.33"
"AL356488.3","Unmatched","","","",""
"AC083799.1","Unmatched","","","",""
"AL662844.4","Unmatched","","","",""
"AC011374.2","Unmatched","","","",""
"AC025580.1","Unmatched","","","",""
"AC012063.1","Unmatched","","","",""
"ARNTL2","Previous symbol","BMAL2","basic helix-loop-helix ARNT like 2","HGNC:18984","12p11.23"
"AC068587.4","Unmatched","","","",""
"STX17-AS1","Alias symbol","NAMA","non-protein coding RNA, associated with MAP kinase pathway and growth arrest","HGNC:42408","9q22.33"
"CCDC115","Previous symbol","VMA22","vacuolar ATPase assembly factor VMA22","HGNC:28178","2q21.1"
"AC135050.6","Unmatched","","","",""
"SMIM6","Previous symbol","ERLN","endoregulin","HGNC:40032","17q25.1"
"AC098828.2","Unmatched","","","",""
"AL358075.2","Unmatched","","","",""
"AC011933.4","Unmatched","","","",""
"AC106900.1","Unmatched","","","",""
"AL035587.1","Unmatched","","","",""
"TCTEX1D2","Previous symbol","DYNLT2B","dynein light chain Tctex-type 2B","HGNC:28482","3q29"
"AC092718.4","Unmatched","","","",""
"BTBD11","Previous symbol","ABTB3","ankyrin repeat and BTB domain containing 3","HGNC:23844","12q23.3"
"AC005550.2","Unmatched","","","",""
"AL035420.3","Unmatched","","","",""
"AC114811.2","Unmatched","","","",""
"STAM-AS1","Previous symbol","STAM-DT","STAM divergent transcript","HGNC:49568","10p12.33"
"AC090001.1","Unmatched","","","",""
"AC011468.3","Unmatched","","","",""
"AC060765.2","Unmatched","","","",""
"AL732509.1","Unmatched","","","",""
"AC073046.3","Unmatched","","","",""
"AP003307.1","Unmatched","","","",""
"AP005230.1","Unmatched","","","",""
"AC025164.1","Unmatched","","","",""
"AC026979.2","Unmatched","","","",""
"AC116535.1","Unmatched","","","",""
"AL136456.1","Unmatched","","","",""
"AC020913.1","Unmatched","","","",""
"AF165147.1","Unmatched","","","",""
"AL096701.4","Unmatched","","","",""
"AL050309.1","Unmatched","","","",""
"AC005699.1","Unmatched","","","",""
"HNRNPA1P48","Previous symbol","HNRNPA1L3","heterogeneous nuclear ribonucleoprotein A1 like 3","HGNC:48778","16q12.1"
"C12orf65","Previous symbol","MTRFR","mitochondrial translation release factor in rescue","HGNC:26784","12q24.31"
"AL008633.1","Unmatched","","","",""
"AC078909.1","Unmatched","","","",""
"AL160314.2","Unmatched","","","",""
"AC097662.1","Unmatched","","","",""
"AC104035.1","Unmatched","","","",""
"AC092718.6","Unmatched","","","",""
"AL441992.1","Unmatched","","","",""
"AL451123.1","Unmatched","","","",""
"AC106707.1","Unmatched","","","",""
"AC105137.2","Unmatched","","","",""
"AC108479.3","Unmatched","","","",""
"AL731533.3","Unmatched","","","",""
"AL645728.1","Unmatched","","","",""
"C16orf70","Previous symbol","PHAF1","phagophore assembly factor 1","HGNC:29564","16q22.1"
"AL035071.1","Unmatched","","","",""
"AC104574.2","Unmatched","","","",""
"AC027682.2","Unmatched","","","",""
"AC092428.1","Unmatched","","","",""
"AC127496.5","Unmatched","","","",""
"AP000317.1","Unmatched","","","",""
"AC245060.6","Unmatched","","","",""
"AL136528.1","Unmatched","","","",""
"AC017074.1","Alias symbol","LINC02936","long intergenic non-protein coding RNA 2936","HGNC:55940","2q14.1"
"AC010976.1","Unmatched","","","",""
"AC009754.2","Unmatched","","","",""
"AL450998.2","Unmatched","","","",""
"AC144450.1","Unmatched","","","",""
"AC104794.3","Unmatched","","","",""
"AC097634.3","Unmatched","","","",""
"AL513188.1","Unmatched","","","",""
"AC005480.1","Unmatched","","","",""
"AC012615.1","Unmatched","","","",""
"AC131568.1","Unmatched","","","",""
"HIST3H2BB","Previous symbol","H2BC26","H2B clustered histone 26","HGNC:20514","1q42.13"
"AC145285.2","Unmatched","","","",""
"AC005884.1","Alias symbol","BCAS3-AS1","BCAS3 antisense RNA 1","HGNC:56376","17q23.2"
"AC106876.1","Unmatched","","","",""
"AC008494.3","Unmatched","","","",""
"COX10-AS1","Previous symbol","COX10-DT","COX10 divergent transcript","HGNC:38873","17p12"
"AC007906.2","Unmatched","","","",""
"C1orf131","Previous symbol","FSAF1","40S small subunit processome assembly factor 1","HGNC:25332","1q42.2"
"AC034102.4","Unmatched","","","",""
"AL021396.1","Unmatched","","","",""
"LINC02776","Previous symbol","RC3H1-DT","RC3H1 divergent transcript","HGNC:54295","1q25.1"
"AC093675.1","Unmatched","","","",""
"AL049543.1","Unmatched","","","",""
"AC009779.2","Unmatched","","","",""
"AL356512.1","Unmatched","","","",""
"BX255925.1","Unmatched","","","",""
"AC138123.1","Unmatched","","","",""
"AC010761.1","Unmatched","","","",""
"LINC01952","Previous symbol","H2AZ2-DT","H2AZ2 divergent transcript","HGNC:52775","7p13"
"UBXN10-AS1","Previous symbol","PLA2G2C","phospholipase A2 group IIC","HGNC:9032","1p36.12"
"AC122719.3","Unmatched","","","",""
"AC010491.2","Unmatched","","","",""
"AC130650.2","Unmatched","","","",""
"AC139795.2","Unmatched","","","",""
"AC023946.1","Unmatched","","","",""
"AL135999.1","Unmatched","","","",""
"AL499604.1","Unmatched","","","",""
"ICK","Previous symbol","CILK1","ciliogenesis associated kinase 1","HGNC:21219","6p12.1"
"HIST1H4H","Previous symbol","H4C8","H4 clustered histone 8","HGNC:4788","6p22.2"
"AC078883.2","Unmatched","","","",""
"AC027237.3","Unmatched","","","",""
"BMT2","Previous symbol","SAMTOR","S-adenosylmethionine sensor upstream of mTORC1","HGNC:26475","7q31.1"
"AL080250.1","Unmatched","","","",""
"C17orf80","Previous symbol","MTNAP1","mitochondrial nucleoid associated protein 1","HGNC:29601","17q25.1"
"CBWD5","Previous symbol","ZNG1E","Zn regulated GTPase metalloprotein activator 1E","HGNC:24584","9q21.11"
"SEPTIN7-AS1","Previous symbol","SEPTIN7-DT","SEPTIN7 divergent transcript","HGNC:51153","7p14.2"
"AC011247.1","Unmatched","","","",""
"AL020995.1","Unmatched","","","",""
"AC007389.1","Unmatched","","","",""
"AC131934.1","Unmatched","","","",""
"MPP6","Previous symbol","PALS2","protein associated with LIN7 2, MAGUK p55 family member","HGNC:18167","7p15.3"
"MPP6","Alias symbol","MPHOSPH6","M-phase phosphoprotein 6","HGNC:7214","16q23.3"
"AL365330.1","Unmatched","","","",""
"AC053503.1","Unmatched","","","",""
"AL354733.3","Unmatched","","","",""
"AC090617.10","Unmatched","","","",""
"UHRF1BP1","Previous symbol","BLTP3A","bridge-like lipid transfer protein family member 3A","HGNC:21216","6p21.31"
"WDR63","Previous symbol","DNAI3","dynein axonemal intermediate chain 3","HGNC:30711","1p22.3"
"AC107068.2","Unmatched","","","",""
"AC006449.6","Unmatched","","","",""
"AC008537.4","Unmatched","","","",""
"AL118506.1","Unmatched","","","",""
"AC093484.3","Unmatched","","","",""
"AP001462.1","Unmatched","","","",""
"AL133383.1","Unmatched","","","",""
"HIST1H2AC","Previous symbol","H2AC6","H2A clustered histone 6","HGNC:4733","6p22.2"
"AL158152.1","Unmatched","","","",""
"MPP5","Previous symbol","PALS1","protein associated with LIN7 1, MAGUK p55 family member","HGNC:18669","14q23.3"
"LINC02254","Previous symbol","LINC00923","long intergenic non-protein coding RNA 923","HGNC:28088","15q26.2"
"AC010624.1","Unmatched","","","",""
"AC093865.1","Unmatched","","","",""
"AL360270.1","Unmatched","","","",""
"AC017050.1","Unmatched","","","",""
"AC027307.2","Unmatched","","","",""
"AC007681.1","Unmatched","","","",""
"AC110795.1","Unmatched","","","",""
"AC007529.2","Unmatched","","","",""
"AC025283.2","Unmatched","","","",""
"AC007216.4","Unmatched","","","",""
"AC011462.5","Unmatched","","","",""
"AC012409.2","Unmatched","","","",""
"PIFO","Previous symbol","CIMAP3","ciliary microtubule associated protein 3","HGNC:27009","1p13.2"
"AF230666.1","Unmatched","","","",""
"AC005920.1","Unmatched","","","",""
"LINC02340","Previous symbol","LINC00412","long intergenic non-protein coding RNA 412","HGNC:42745","13q12.2"
"AL161757.2","Unmatched","","","",""
"AC116634.1","Unmatched","","","",""
"AC007098.1","Unmatched","","","",""
"AC087071.2","Unmatched","","","",""
"AL136234.1","Unmatched","","","",""
"FP236315.1","Unmatched","","","",""
"AL442003.1","Unmatched","","","",""
"MDM1","Previous symbol","SAXO6","stabilizer of axonemal microtubules 6","HGNC:29917","12q15"
"AC098484.4","Unmatched","","","",""
"AL645941.3","Unmatched","","","",""
"U2AF1L5","Entry withdrawn","U2AF1L5","","HGNC:51830",""
"CXorf40B","Previous symbol","EOLA2","endothelium and lymphocyte associated ASCH domain 2","HGNC:17402","Xq28"
"AC104806.2","Unmatched","","","",""
"AP002761.1","Unmatched","","","",""
"AC026992.2","Unmatched","","","",""
"AL355834.2","Unmatched","","","",""
"AL049646.1","Unmatched","","","",""
"AC008083.3","Unmatched","","","",""
"C19orf57","Previous symbol","BRME1","break repair meiotic recombinase recruitment factor 1","HGNC:28153","19p13.12"
"AC011092.2","Unmatched","","","",""
"AL391244.1","Unmatched","","","",""
"AC093510.1","Unmatched","","","",""
"AP003119.2","Unmatched","","","",""
"AP005717.1","Unmatched","","","",""
"AC068473.5","Unmatched","","","",""
"AC003102.1","Unmatched","","","",""
"AC097468.1","Unmatched","","","",""
"AC132219.1","Unmatched","","","",""
"AL603832.1","Unmatched","","","",""
"AC018362.1","Unmatched","","","",""
"AC008781.1","Unmatched","","","",""
"AP002961.1","Unmatched","","","",""
"FAM210B","Previous symbol","MIMS2","mitochondrial inner membrane scaffold 2","HGNC:16102","20q13.2"
"AL591926.2","Unmatched","","","",""
"AP000757.1","Unmatched","","","",""
"AP006621.4","Unmatched","","","",""
"AC008771.1","Unmatched","","","",""
"AL137003.2","Unmatched","","","",""
"CASC4","Previous symbol","GOLM2","golgi membrane protein 2","HGNC:24892","15q15.3"
"AC091153.3","Unmatched","","","",""
"C5orf30","Previous symbol","MACIR","macrophage immunometabolism regulator","HGNC:25052","5q21.1"
"AC091179.1","Unmatched","","","",""
"AC015813.1","Unmatched","","","",""
"AC073934.1","Unmatched","","","",""
"AC004522.5","Unmatched","","","",""
"AC113410.4","Unmatched","","","",""
"AC048341.1","Unmatched","","","",""
"AP006222.2","Unmatched","","","",""
"AC079848.2","Unmatched","","","",""
"AC020765.2","Unmatched","","","",""
"AC100830.1","Unmatched","","","",""
"AC073957.3","Unmatched","","","",""
"AL591242.1","Unmatched","","","",""
"AC136604.3","Unmatched","","","",""
"AC010198.2","Unmatched","","","",""
"AC005726.3","Unmatched","","","",""
"AC109322.2","Unmatched","","","",""
"AL031775.1","Unmatched","","","",""
"AL137847.1","Unmatched","","","",""
"LINC01814","Previous symbol","LINC00299","long intergenic non-protein coding RNA 299","HGNC:27940","2p25.1"
"AL450267.2","Unmatched","","","",""
"AC087386.1","Unmatched","","","",""
"HSPB11","Previous symbol","IFT25","intraflagellar transport 25","HGNC:25019","1p32.3"
"AC079922.2","Unmatched","","","",""
"AL139021.1","Unmatched","","","",""
"AC099552.5","Unmatched","","","",""
"AP003059.1","Unmatched","","","",""
"AL512283.2","Unmatched","","","",""
"TARS","Previous symbol","TARS1","threonyl-tRNA synthetase 1","HGNC:11572","5p13.3"
"AC120193.1","Unmatched","","","",""
"AL355353.1","Unmatched","","","",""
"AC051619.6","Unmatched","","","",""
"LINC00672","Previous symbol","LASP1NB","LASP1 neighbor","HGNC:44353","17q12"
"AL158175.1","Unmatched","","","",""
"AC121338.2","Unmatched","","","",""
"AL139039.3","Unmatched","","","",""
"AF274853.1","Unmatched","","","",""
"SLC22A18AS","Previous symbol","SLC67A1-AS","SLC67A1 antisense RNA","HGNC:10965","11p15.4"
"AC015912.1","Unmatched","","","",""
"AC244090.1","Unmatched","","","",""
"ODF3L1","Previous symbol","CIMAP1C","ciliary microtubule associated protein 1C","HGNC:28735","15q24.2"
"AC104134.1","Unmatched","","","",""
"AC027682.4","Unmatched","","","",""
"DDX58","Previous symbol","RIGI","RNA sensor RIG-I","HGNC:19102","9p21.1"
"AC009283.1","Unmatched","","","",""
"Z83745.1","Unmatched","","","",""
"AC129507.4","Unmatched","","","",""
"AL355388.3","Unmatched","","","",""
"HIST2H2AC","Previous symbol","H2AC20","H2A clustered histone 20","HGNC:4738","1q21.2"
"AC079336.4","Unmatched","","","",""
"AC107021.1","Unmatched","","","",""
"AL024498.1","Unmatched","","","",""
"AC080037.2","Unmatched","","","",""
"LINC00637","Previous symbol","PPP1R13B-DT","PPP1R13B divergent transcript","HGNC:27069","14q32.33"
"AC016773.1","Unmatched","","","",""
"AC114956.1","Unmatched","","","",""
"AC084083.1","Unmatched","","","",""
"AC022098.1","Unmatched","","","",""
"AC002064.1","Unmatched","","","",""
"AL033397.2","Alias symbol","GCLC-AS1","GCLC antisense RNA 1","HGNC:56649","6p12.1"
"AL135905.1","Unmatched","","","",""
"AL513550.1","Unmatched","","","",""
"AL118516.1","Unmatched","","","",""
"AC015853.3","Unmatched","","","",""
"AC010624.5","Unmatched","","","",""
"AL390208.1","Unmatched","","","",""
"AL512274.1","Unmatched","","","",""
"AC073320.1","Unmatched","","","",""
"AL031714.1","Unmatched","","","",""
"AC018413.1","Unmatched","","","",""
"AL359538.4","Unmatched","","","",""
"HIST1H2AJ","Previous symbol","H2AC14","H2A clustered histone 14","HGNC:4727","6p22.1"
"AC012085.2","Unmatched","","","",""
"LRRC6","Previous symbol","DNAAF11","dynein axonemal assembly factor 11","HGNC:16725","8q24.22"
"AC009113.1","Unmatched","","","",""
"LHFPL3-AS2","Previous symbol","KMT2E-AS1","KMT2E antisense RNA 1","HGNC:40845","7q22.3"
"AC069544.1","Unmatched","","","",""
"AL033527.4","Unmatched","","","",""
"AL109613.1","Unmatched","","","",""
"AL355574.1","Unmatched","","","",""
"HIST1H4A","Previous symbol","H4C1","H4 clustered histone 1","HGNC:4781","6p22.2"
"AC073342.1","Unmatched","","","",""
"LINC00346","Previous symbol","PRECSIT","p53 regulated carcinoma associated Stat3 activating long intergenic non-protein coding transcript","HGNC:27492","13q34"
"AC018557.3","Unmatched","","","",""
"AC108488.3","Unmatched","","","",""
"AC078820.1","Unmatched","","","",""
"KIAA0556","Previous symbol","KATNIP","katanin interacting protein","HGNC:29068","16p12.1"
"AC034102.6","Unmatched","","","",""
"AL358944.1","Unmatched","","","",""
"AL121672.2","Unmatched","","","",""
"SEPSECS-AS1","Previous symbol","SEPSECS-DT","SEPSECS divergent transcript","HGNC:27737","4p15.2"
"AC027020.2","Unmatched","","","",""
"AC012313.1","Unmatched","","","",""
"ARNTL","Previous symbol","BMAL1","basic helix-loop-helix ARNT like 1","HGNC:701","11p15.3"
"AP006621.1","Unmatched","","","",""
"AL365356.1","Unmatched","","","",""
"AL352984.1","Unmatched","","","",""
"AC004596.1","Unmatched","","","",""
"AC060809.1","Unmatched","","","",""
"AC008622.2","Unmatched","","","",""
"C1orf43","Previous symbol","LTAP1","lipid transport auxiliary protein 1","HGNC:29876","1q21.3"
"FAM210A","Previous symbol","MIMS1","mitochondrial inner membrane scaffold 1","HGNC:28346","18p11.21"
"AC012170.2","Unmatched","","","",""
"YTHDF3-AS1","Previous symbol","YTHDF3-DT","YTHDF3 divergent transcript","HGNC:48728","8q12.3"
"AC009120.3","Unmatched","","","",""
"RPL34-AS1","Previous symbol","RPL34-DT","RPL34 divergent transcript","HGNC:26749","4q25"
"AC112196.1","Unmatched","","","",""
"AC024940.1","Unmatched","","","",""
"C11orf1","Previous symbol","CFAP68","cilia and flagella associated protein 68","HGNC:1163","11q23.1"
"AC104521.1","Unmatched","","","",""
"AC103706.1","Unmatched","","","",""
"AC245297.3","Unmatched","","","",""
"AC004556.3","Unmatched","","","",""
"AC104170.1","Unmatched","","","",""
"AC010654.1","Unmatched","","","",""
"AC104667.2","Unmatched","","","",""
"AL139815.1","Unmatched","","","",""
"AL928654.1","Alias symbol","MTA1-DT","MTA1 divergent transcript","HGNC:56032","14q32.33"
"AC022973.3","Unmatched","","","",""
"KRBOX4","Previous symbol","KRABD4","KRAB domain containing 4","HGNC:26007","Xp11.3"
"AL627171.1","Unmatched","","","",""
"AC079781.5","Unmatched","","","",""
"C2orf73","Previous symbol","CIMIP6","ciliary microtubule inner protein 6","HGNC:26861","2p16.2"
"AC073343.2","Unmatched","","","",""
"AL627309.5","Unmatched","","","",""
"AC008269.1","Unmatched","","","",""
"AC018462.1","Unmatched","","","",""
"AC016949.1","Unmatched","","","",""
"AL078587.2","Unmatched","","","",""
"AL031963.3","Unmatched","","","",""
"AC008397.1","Unmatched","","","",""
"AL157911.1","Unmatched","","","",""
"KIAA0355","Previous symbol","GARRE1","granule associated Rac and RHOG effector 1","HGNC:29016","19q13.11"
"H3F3A","Previous symbol","H3-3A","H3.3 histone A","HGNC:4764","1q42.12"
"TTC25","Previous symbol","ODAD4","outer dynein arm docking complex subunit 4","HGNC:25280","17q21.2"
"AL354822.1","Unmatched","","","",""
"C7orf50","Previous symbol","CHLSN","cholesin","HGNC:22421","7p22.3"
"AL133353.1","Unmatched","","","",""
"AC005083.1","Unmatched","","","",""
"AP002026.1","Unmatched","","","",""
"AC110285.1","Unmatched","","","",""
"AC244102.4","Unmatched","","","",""
"AL031289.1","Unmatched","","","",""
"HARS","Previous symbol","HARS1","histidyl-tRNA synthetase 1","HGNC:4816","5q31.3"
"AC121761.1","Unmatched","","","",""
"AC007342.5","Unmatched","","","",""
"KIAA0895L","Previous symbol","MATCAP1","microtubule associated tyrosine carboxypeptidase 1","HGNC:34408","16q22.1"
"AC048341.2","Unmatched","","","",""
"AC008443.6","Unmatched","","","",""
"AC025165.2","Unmatched","","","",""
"CU633906.5","Unmatched","","","",""
"UBL7-AS1","Previous symbol","UBL7-DT","UBL7 divergent transcript","HGNC:48614","15q24.1"
"AC068580.1","Unmatched","","","",""
"FO393401.1","Unmatched","","","",""
"CCDC113","Previous symbol","CFAP263","cilia and flagella associated protein 263","HGNC:25002","16q21"
"CCDC173","Previous symbol","CFAP210","cilia and flagella associated protein 210","HGNC:25064","2q31.1"
"KIAA1211L","Previous symbol","CRACDL","CRACD like","HGNC:33454","2q11.2"
"AL357079.2","Unmatched","","","",""
"AC024145.1","Unmatched","","","",""
"AC068196.1","Unmatched","","","",""
"AL683813.1","Unmatched","","","",""
"LINC02804","Previous symbol","GPR89B","G protein-coupled receptor 89B","HGNC:13840","1q21.2"
"AL162311.3","Unmatched","","","",""
"AL020997.5","Unmatched","","","",""
"AC005670.3","Unmatched","","","",""
"AP003392.5","Unmatched","","","",""
"AC004870.4","Unmatched","","","",""
"AC008780.2","Unmatched","","","",""
"AP001267.1","Unmatched","","","",""
"AC139720.1","Unmatched","","","",""
"AL158071.1","Unmatched","","","",""
"AC010864.1","Unmatched","","","",""
"AC012313.6","Unmatched","","","",""
"PRPF4B","Previous symbol","PRP4K","pre-mRNA processing factor kinase PRP4K","HGNC:17346","6p25.2"
"AC145207.2","Unmatched","","","",""
"PRR34-AS1","Previous symbol","MIRLET7BHG","MIRLET7B and MIRLET7A3 host gene","HGNC:37189","22q13.31"
"AL390957.1","Unmatched","","","",""
"AL358472.5","Unmatched","","","",""
"AC069272.1","Unmatched","","","",""
"AC092802.1","Unmatched","","","",""
"AC098656.1","Unmatched","","","",""
"AC025575.2","Unmatched","","","",""
"Z95115.1","Unmatched","","","",""
"FAM207A","Previous symbol","SLX9","SLX9 ribosome biogenesis factor","HGNC:15811","21q22.3"
"AC023051.1","Unmatched","","","",""
"AC009318.3","Unmatched","","","",""
"FO393418.1","Unmatched","","","",""
"C15orf56","Previous symbol","PAK6-AS1","PAK6 antisense RNA 1","HGNC:33868","15q15.1"
"AC092268.2","Unmatched","","","",""
"AC117386.2","Unmatched","","","",""
"AP002813.1","Unmatched","","","",""
"MFSD9","Previous symbol","SLC67A2","solute carrier family 67 member 2","HGNC:28158","2q12.1"
"AC068580.3","Unmatched","","","",""
"CR381653.1","Unmatched","","","",""
"Z68871.1","Unmatched","","","",""
"HIST1H4C","Previous symbol","H4C3","H4 clustered histone 3","HGNC:4787","6p22.2"
"AL162413.1","Alias symbol","LINC03131","long intergenic non-protein coding RNA 3131","HGNC:58088","9p23"
"AL391152.1","Unmatched","","","",""
"AP001432.1","Unmatched","","","",""
"AC016596.1","Unmatched","","","",""
"HIST1H2AD","Previous symbol","H2AC7","H2A clustered histone 7","HGNC:4729","6p22.2"
"HIST1H3F","Previous symbol","H3C7","H3 clustered histone 7","HGNC:4773","6p22.2"
"BRWD1-AS2","Previous symbol","BRWD1-AS1","BRWD1 antisense RNA 1","HGNC:40614","21q22.2"
"SSSCA1-AS1","Previous symbol","ZNRD2-DT","ZNRD2 divergent transcript","HGNC:27384","11q13.1"
"AC020978.5","Unmatched","","","",""
"AC145285.6","Unmatched","","","",""
"AL121761.1","Unmatched","","","",""
"C3orf67","Previous symbol","CFAP20DC","CFAP20 domain containing","HGNC:24763","3p14.2"
"AL137009.1","Unmatched","","","",""
"AL592183.1","Unmatched","","","",""
"C1orf109","Previous symbol","AIRIM","AFG2 interacting ribosome maturation factor","HGNC:26039","1p34.3"
"AL133243.2","Unmatched","","","",""
"SPTY2D1OS","Previous symbol","MISFA","mitochondrial sheath formation associated","HGNC:44122","11p15.1"
"HIST1H2BN","Previous symbol","H2BC15","H2B clustered histone 15","HGNC:4749","6p22.1"
"HIST1H2AH","Previous symbol","H2AC12","H2A clustered histone 12","HGNC:13671","6p22.1"
"AL391244.2","Unmatched","","","",""
"AC026462.3","Alias symbol","LINC03064","long intergenic non-protein coding RNA 3064","HGNC:56372","16q12.2"
"AC092164.1","Unmatched","","","",""
"AC145207.5","Alias symbol","LINC03149","long intergenic non-protein coding RNA 3149","HGNC:58369","17q25.3"
"AC074351.1","Unmatched","","","",""
"AC096751.2","Unmatched","","","",""
"AL139384.1","Unmatched","","","",""
"AC006252.1","Unmatched","","","",""
"KIAA1522","Previous symbol","NHSL3","NHS like 3","HGNC:29301","1p35.1"
"AC026347.1","Unmatched","","","",""
"AP002336.3","Unmatched","","","",""
"AC004943.2","Alias symbol","ZFHX3-AS1","ZFHX3 antisense RNA 1","HGNC:56033","16q22.2"
"AC008972.2","Unmatched","","","",""
"AL662797.1","Unmatched","","","",""
"AC009126.1","Unmatched","","","",""
"AC139149.1","Unmatched","","","",""
"SPATA5","Previous symbol","AFG2A","AAA ATPase AFG2A","HGNC:18119","4q28.1"
"AC093525.6","Unmatched","","","",""
"AP001605.1","Unmatched","","","",""
"FAM136A","Previous symbol","TIMCC","TIM double twin CX3C motif chaperone","HGNC:25911","2p13.3"
"AC084198.2","Unmatched","","","",""
"AC010503.4","Unmatched","","","",""
"AC084364.3","Unmatched","","","",""
"AL138966.2","Unmatched","","","",""
"AC073389.2","Unmatched","","","",""
"AC048382.6","Unmatched","","","",""
"TTC30B","Previous symbol","IFT70B","intraflagellar transport 70B","HGNC:26425","2q31.2"
"AC068286.2","Unmatched","","","",""
"AC004982.2","Unmatched","","","",""
"VARS","Previous symbol","VARS1","valyl-tRNA synthetase 1","HGNC:12651","6p21.33"
"AC008914.1","Unmatched","","","",""
"AC130456.2","Unmatched","","","",""
"AC092120.3","Unmatched","","","",""
"AC092119.3","Unmatched","","","",""
"AC073046.1","Unmatched","","","",""
"AC022144.1","Unmatched","","","",""
"AL132712.1","Unmatched","","","",""
"PDZD3","Previous symbol","NHERF4","NHERF family PDZ scaffold protein 4","HGNC:19891","11q23.3"
"AL035448.1","Unmatched","","","",""
"AC004551.1","Unmatched","","","",""
"AP000446.1","Unmatched","","","",""
"TSTA3","Previous symbol","GFUS","GDP-L-fucose synthase","HGNC:12390","8q24.3"
"AL133346.1","Alias symbol","CCN2-AS1","CCN2 antisense RNA 1","HGNC:40164","6q23.2"
"AC067852.3","Unmatched","","","",""
"FAM160B2","Previous symbol","FHIP2B","FHF complex subunit HOOK interacting protein 2B","HGNC:16492","8p21.3"
"AL137779.2","Unmatched","","","",""
"AL512353.1","Unmatched","","","",""
"AC099344.3","Unmatched","","","",""
"AC098588.3","Unmatched","","","",""
"AC067930.1","Unmatched","","","",""
"AC093827.4","Unmatched","","","",""
"AC007743.1","Unmatched","","","",""
"MFSD14A","Previous symbol","SLC71A1","solute carrier family 71 member 1","HGNC:23363","1p21.2"
"AP002360.1","Unmatched","","","",""
"AL356776.2","Unmatched","","","",""
"AP002770.1","Unmatched","","","",""
"AC079414.1","Unmatched","","","",""
"AC104779.1","Unmatched","","","",""
"CYHR1","Previous symbol","ZFTRAF1","zinc finger TRAF-type and ring finger containing 1","HGNC:17806","8q24.3"
"AL353593.1","Unmatched","","","",""
"AP000721.2","Unmatched","","","",""
"AC135178.4","Unmatched","","","",""
"AC106786.2","Unmatched","","","",""
"BX470102.1","Unmatched","","","",""
"AC012236.1","Unmatched","","","",""
"AC112206.2","Unmatched","","","",""
"AC005695.2","Unmatched","","","",""
"AC119427.1","Unmatched","","","",""
"AL691482.3","Unmatched","","","",""
"GAS8","Previous symbol","DRC4","dynein regulatory complex subunit 4","HGNC:4166","16q24.3"
"ATP6V1FNB","Previous symbol","SPMIP1","sperm microtubule inner protein 1","HGNC:52392","7q32.1"
"AC011450.1","Unmatched","","","",""
"C19orf54","Previous symbol","ACTMAP","actin maturation protease","HGNC:24758","19q13.2"
"PIH1D3","Previous symbol","DNAAF6","dynein axonemal assembly factor 6","HGNC:28570","Xq22.3"
"C9orf135","Previous symbol","CFAP95","cilia and flagella associated protein 95","HGNC:31422","9q21.12"
"AC004039.1","Unmatched","","","",""
"AC092894.1","Unmatched","","","",""
"AC105052.4","Unmatched","","","",""
"AL445928.2","Unmatched","","","",""
"AC036176.1","Unmatched","","","",""
"AC093673.1","Unmatched","","","",""
"AL357033.3","Unmatched","","","",""
"AL592295.4","Unmatched","","","",""
"AP001437.2","Unmatched","","","",""
"AL109615.4","Unmatched","","","",""
"AL024508.2","Unmatched","","","",""
"AC010201.3","Unmatched","","","",""
"AC023424.3","Unmatched","","","",""
"AC051619.4","Alias symbol","SLC28A2-AS1","SLC28A2 antisense RNA 1","HGNC:55417","15q21.1"
"AC131971.1","Unmatched","","","",""
"AP000438.1","Unmatched","","","",""
"AC009065.2","Unmatched","","","",""
"AC093690.1","Unmatched","","","",""
"AC011921.1","Unmatched","","","",""
"AC022613.3","Unmatched","","","",""
"AL022313.2","Unmatched","","","",""
"AL024507.2","Unmatched","","","",""
"AC069120.1","Unmatched","","","",""
"AC097526.1","Unmatched","","","",""
"AC013472.2","Unmatched","","","",""
"KIAA2026","Previous symbol","BRD10","bromodomain containing 10","HGNC:23378","9p24.1"
"GATD3B","Entry withdrawn","GATD3B","","HGNC:53816",""
"LINC01578","Previous symbol","CHASERR","CHD2 adjacent suppressive regulatory RNA","HGNC:48626","15q26.1"
"AC090518.1","Unmatched","","","",""
"PPP1R32","Previous symbol","SAXO4","stabilizer of axonemal microtubules 4","HGNC:28869","11q12.2"
"AL450992.1","Unmatched","","","",""
"C7orf31","Previous symbol","SPMIP4","sperm microtubule inner protein 4","HGNC:21722","7p15.3"
"AC023590.1","Unmatched","","","",""
"AL359706.1","Unmatched","","","",""
"AC091180.5","Unmatched","","","",""
"AC008875.3","Unmatched","","","",""
"AC005050.2","Unmatched","","","",""
"AL139011.1","Unmatched","","","",""
"ZNF32-AS3","Previous symbol","ZNF32-AS2","ZNF32 antisense RNA 2","HGNC:23593","10q11.21"
"AC040173.1","Unmatched","","","",""
"AF235103.1","Unmatched","","","",""
"AL161665.1","Unmatched","","","",""
"FAM122B","Previous symbol","PABIR2","PABIR family member 2","HGNC:30490","Xq26.3"
"AC092666.1","Unmatched","","","",""
"Z93403.1","Unmatched","","","",""
"AC010504.1","Unmatched","","","",""
"AL158212.2","Unmatched","","","",""
"AL138756.1","Unmatched","","","",""
"AC096637.2","Unmatched","","","",""
"AC005256.1","Unmatched","","","",""
"GBA","Previous symbol","GBA1","glucosylceramidase beta 1","HGNC:4177","1q22"
"AC108134.1","Unmatched","","","",""
"AL034417.2","Unmatched","","","",""
"AC022506.2","Unmatched","","","",""
"AL158206.1","Unmatched","","","",""
"AL391069.2","Unmatched","","","",""
"AC114489.1","Unmatched","","","",""
"AP002495.1","Unmatched","","","",""
"AC006449.3","Unmatched","","","",""
"U52111.1","Unmatched","","","",""
"C10orf91","Previous symbol","LINC02870","long intergenic non-protein coding RNA 2870","HGNC:27275","10q26.3"
"AC004160.1","Unmatched","","","",""
"AC145343.1","Unmatched","","","",""
"AP001053.1","Unmatched","","","",""
"AC004893.3","Unmatched","","","",""
"AC013403.2","Unmatched","","","",""
"AL590652.1","Unmatched","","","",""
"TMEM88B","Previous symbol","TMEM278","transmembrane protein 278","HGNC:37099","1p36.33"
"AC104971.1","Unmatched","","","",""
"AP001011.1","Unmatched","","","",""
"AC109322.1","Unmatched","","","",""
"AC068533.3","Unmatched","","","",""
"TDGF1","Previous symbol","CRIPTO","cripto, EGF-CFC family member","HGNC:11701","3p21.31"
"AC010327.5","Unmatched","","","",""
"AC002558.3","Unmatched","","","",""
"AL121574.1","Unmatched","","","",""
"AC009097.2","Unmatched","","","",""
"C15orf48","Previous symbol","COXFA4L3","cytochrome c oxidase associated subunit FA4L3","HGNC:29898","15q21.1"
"AC110491.3","Unmatched","","","",""
"AC097641.2","Unmatched","","","",""
"AC006942.1","Unmatched","","","",""
"AL354892.1","Unmatched","","","",""
"AC025034.1","Unmatched","","","",""
"AC132803.1","Unmatched","","","",""
"AC092821.3","Unmatched","","","",""
"AD001527.1","Unmatched","","","",""
"AC005632.3","Unmatched","","","",""
"AP002358.1","Unmatched","","","",""
"TAZ","Previous symbol","TAFAZZIN","tafazzin, phospholipid-lysophospholipid transacylase","HGNC:11577","Xq28"
"TAZ","Alias symbol","WWTR1","WW domain containing transcription regulator 1","HGNC:24042","3q25.1"
"AC026471.4","Unmatched","","","",""
"AC092747.4","Unmatched","","","",""
"AC026785.2","Unmatched","","","",""
"AF064858.2","Unmatched","","","",""
"BX322562.1","Unmatched","","","",""
"AL355334.2","Unmatched","","","",""
"AL049597.2","Unmatched","","","",""
"ADAL","Previous symbol","MAPDA","N6-Methyl-AMP deaminase","HGNC:31853","15q15.3"
"AC116049.2","Unmatched","","","",""
"AP003119.3","Unmatched","","","",""
"AL451085.2","Alias symbol","PYGO2-AS1","PYGO2 and SHC1 antisense RNA 1","HGNC:55250","1q21.3"
"AC139887.4","Unmatched","","","",""
"AC021086.1","Unmatched","","","",""
"AC013640.1","Unmatched","","","",""
"AC091180.3","Unmatched","","","",""
"C2orf27A","Previous symbol","LINC03124","long intergenic non-protein coding RNA 3124","HGNC:25077","2q21.2"
"AC068051.1","Unmatched","","","",""
"AC068631.1","Unmatched","","","",""
"Z82195.3","Unmatched","","","",""
"AC125618.1","Unmatched","","","",""
"AC005154.4","Unmatched","","","",""
"AP003110.1","Unmatched","","","",""
"AC055733.2","Unmatched","","","",""
"BX284668.6","Unmatched","","","",""
"AC119673.2","Unmatched","","","",""
"AC005674.2","Unmatched","","","",""
"AC110611.1","Unmatched","","","",""
"AL161891.1","Unmatched","","","",""
"AC022087.1","Unmatched","","","",""
"AC114488.1","Unmatched","","","",""
"AL080317.1","Unmatched","","","",""
"AC242022.2","Unmatched","","","",""
"AC008667.1","Unmatched","","","",""
"AC005400.1","Unmatched","","","",""
"AL157388.1","Unmatched","","","",""
"AC011092.3","Unmatched","","","",""
"AP001351.1","Unmatched","","","",""
"AC006525.1","Unmatched","","","",""
"AP000704.1","Unmatched","","","",""
"AC002454.1","Alias symbol","CDK6-AS1","CDK6 antisense RNA 1","HGNC:40141","7q21.2"
"BX664615.2","Unmatched","","","",""
"AL161421.1","Unmatched","","","",""
"QARS","Previous symbol","EPRS1","glutamyl-prolyl-tRNA synthetase 1","HGNC:3418","1q41"
"QARS","Previous symbol","QARS1","glutaminyl-tRNA synthetase 1","HGNC:9751","3p21.31"
"AC007032.1","Alias symbol","NAMPT-AS1","NAMPT antisense RNA 1","HGNC:56696","7q22.3"
"AF117829.1","Alias symbol","PARAIL","palmitic acid regulated anti-inflammatory lncRNA","HGNC:55545","8q21.3"
"C5orf66","Previous symbol","PITX1-AS1","PITX1 antisense RNA 1","HGNC:48332","5q31.1"
"AC034195.1","Unmatched","","","",""
"Z94721.1","Unmatched","","","",""
"AC022973.4","Unmatched","","","",""
"TMCO3","Previous symbol","SLC9D1","solute carrier family 9 member D1","HGNC:20329","13q34"
"AC062037.3","Unmatched","","","",""
"AC009121.3","Unmatched","","","",""
"BX571846.1","Unmatched","","","",""
"HIST1H3A","Previous symbol","H3C1","H3 clustered histone 1","HGNC:4766","6p22.2"
"AL591895.1","Unmatched","","","",""
"AC099850.1","Unmatched","","","",""
"AC027601.1","Unmatched","","","",""
"ATP5MD","Previous symbol","ATP5MK","ATP synthase membrane subunit k","HGNC:30889","10q24.33"
"AC005740.5","Unmatched","","","",""
"AC006141.1","Unmatched","","","",""
"AL450992.3","Unmatched","","","",""
"AC002069.2","Unmatched","","","",""
"AC092944.1","Unmatched","","","",""
"AC079160.1","Unmatched","","","",""
"AL078600.1","Unmatched","","","",""
"LINC01184","Previous symbol","SLC12A2-DT","SLC12A2 divergent transcript","HGNC:49565","5q23.3"
"AC137630.1","Unmatched","","","",""
"FAM160A2","Previous symbol","FHIP1B","FHF complex subunit HOOK interacting protein 1B","HGNC:25378","11p15.4"
"AC097382.3","Unmatched","","","",""
"AC021148.2","Unmatched","","","",""
"AC079949.6","Unmatched","","","",""
"AC099565.1","Unmatched","","","",""
"HIST1H2BK","Previous symbol","H2BC12","H2B clustered histone 12","HGNC:13954","6p22.1"
"AC010148.1","Unmatched","","","",""
"AC025175.2","Unmatched","","","",""
"C20orf27","Previous symbol","ADISSP","adipose secreted signaling protein","HGNC:15873","20p13"
"AC079949.2","Unmatched","","","",""
"AC016027.1","Unmatched","","","",""
"ELMSAN1","Previous symbol","MIDEAS","mitotic deacetylase associated SANT domain protein","HGNC:19853","14q24.3"
"SMIM25","Previous symbol","PELATON","plaque enriched lncRNA in atherosclerotic and inflammatory bowel macrophage regulation","HGNC:50328","20q13.13"
"AC005261.1","Unmatched","","","",""
"AC104024.3","Unmatched","","","",""
"AC016888.1","Unmatched","","","",""
"AC009228.1","Unmatched","","","",""
"AC022413.2","Unmatched","","","",""
"CCDC84","Previous symbol","CENATAC","centrosomal AT-AC splicing factor","HGNC:30460","11q23.3"
"AL050341.2","Unmatched","","","",""
"AP001363.2","Unmatched","","","",""
"AP000926.2","Unmatched","","","",""
"AC012409.1","Unmatched","","","",""
"AL442071.1","Unmatched","","","",""
"FAM189B","Previous symbol","ENTREP3","endosomal transmembrane epsin interactor 3","HGNC:1233","1q22"
"AC004233.3","Unmatched","","","",""
"HIST1H2BE","Previous symbol","H2BC6","H2B clustered histone 6","HGNC:4753","6p22.2"
"AC009309.1","Unmatched","","","",""
"AC019077.1","Unmatched","","","",""
"AC017033.1","Unmatched","","","",""
"AC005332.5","Unmatched","","","",""
"AC080112.1","Unmatched","","","",""
"AL035252.5","Unmatched","","","",""
"AC010894.3","Unmatched","","","",""
"AC110619.1","Unmatched","","","",""
"AC010478.1","Unmatched","","","",""
"AC112491.1","Unmatched","","","",""
"AC096741.1","Unmatched","","","",""
"AC022201.1","Unmatched","","","",""
"AC022101.1","Unmatched","","","",""
"AC104984.3","Unmatched","","","",""
"AC005785.1","Unmatched","","","",""
"MAP11","Previous symbol","TRAPPC14","trafficking protein particle complex subunit 14","HGNC:25604","7q22.1"
"AC023043.1","Unmatched","","","",""
"AL590666.5","Unmatched","","","",""
"AC008147.2","Unmatched","","","",""
"Z73420.1","Unmatched","","","",""
"CCDC151","Previous symbol","ODAD3","outer dynein arm docking complex subunit 3","HGNC:28303","19p13.2"
"AC007009.1","Unmatched","","","",""
"HIST1H1B","Previous symbol","H1-5","H1.5 linker histone, cluster member","HGNC:4719","6p22.1"
"AL391056.1","Unmatched","","","",""
"AC020661.1","Unmatched","","","",""
"FAM104B","Previous symbol","VCF2","VCP nuclear cofactor family member 2","HGNC:25085","Xp11.21"
"AP003068.2","Unmatched","","","",""
"KIAA1109","Previous symbol","BLTP1","bridge-like lipid transfer protein family member 1","HGNC:26953","4q27"
"AC025171.2","Unmatched","","","",""
"AC002451.1","Unmatched","","","",""
"AL590705.1","Unmatched","","","",""
"H3F3B","Previous symbol","H3-3B","H3.3 histone B","HGNC:4765","17q25.1"
"AC092803.1","Unmatched","","","",""
"AL392172.1","Unmatched","","","",""
"AL451042.2","Unmatched","","","",""
"AC003988.1","Unmatched","","","",""
"KIAA0895","Previous symbol","MATCAP2","microtubule associated tyrosine carboxypeptidase 2","HGNC:22206","7p14.2"
"AC097639.1","Unmatched","","","",""
"MAFG-DT","Previous symbol","MILIP","MYC inducible lncRNA inactivating p53","HGNC:43649","17q25.3"
"AC211476.2","Unmatched","","","",""
"AL049828.1","Unmatched","","","",""
"C20orf85","Previous symbol","CIMIP1","ciliary microtubule inner protein 1","HGNC:16216","20q13.32"
"AC239799.2","Unmatched","","","",""
"C11orf80","Previous symbol","TOP6BL","TOP6B like initiator of meiotic double strand breaks","HGNC:26197","11q13.2"
"LINC01135","Previous symbol","JUN-DT","JUN divergent transcript","HGNC:49450","1p32.1"
"AC019080.1","Unmatched","","","",""
"AC037198.2","Unmatched","","","",""
"AC022210.2","Unmatched","","","",""
"CU638689.4","Unmatched","","","",""
"AP001160.2","Unmatched","","","",""
"LINC02163","Previous symbol","NIHCOLE","ncRNA involved in NHEJ oncogenic ligation efficiency","HGNC:53024","5q21.2"
"AP005121.1","Unmatched","","","",""
"AL117327.1","Unmatched","","","",""
"AC079760.1","Unmatched","","","",""
"AC010280.2","Unmatched","","","",""
"AC105219.4","Unmatched","","","",""
"AL022318.1","Unmatched","","","",""
"C16orf71","Previous symbol","DNAAF8","dynein axonemal assembly factor 8","HGNC:25081","16p13.3"
"AL135925.1","Unmatched","","","",""
"AL590399.1","Unmatched","","","",""
"AL137077.2","Unmatched","","","",""
"AL353807.5","Unmatched","","","",""
"AL031666.1","Unmatched","","","",""
"AC025154.2","Alias symbol","AQP5-AS1","AQP5 and AQP2 antisense RNA 2","HGNC:55474","12q13.12"
"AC087286.3","Unmatched","","","",""
"AC027601.6","Unmatched","","","",""
"AC006262.2","Unmatched","","","",""
"AL442663.3","Unmatched","","","",""
"AC008124.1","Unmatched","","","",""
"AC051619.5","Unmatched","","","",""
"AC010998.1","Unmatched","","","",""
"AC109927.1","Unmatched","","","",""
"AC240274.1","Unmatched","","","",""
"AL158212.3","Unmatched","","","",""
"AC098848.1","Unmatched","","","",""
"RPARP-AS1","Previous symbol","C10orf95-AS1","C10orf95 antisense RNA 1","HGNC:45238","10q24.32"
"B3GNTL1","Previous symbol","QTGAL","queuosine-tRNA galactosyltransferase","HGNC:21727","17q25.3"
"AC009118.3","Unmatched","","","",""
"AC093817.2","Unmatched","","","",""
"AC009432.2","Unmatched","","","",""
"AL031602.2","Unmatched","","","",""
"AC006064.2","Unmatched","","","",""
"AC103691.1","Unmatched","","","",""
"AC008456.1","Unmatched","","","",""
"AC009303.2","Unmatched","","","",""
"AC068305.2","Unmatched","","","",""
"Z83844.2","Unmatched","","","",""
"AC008514.1","Unmatched","","","",""
"AL451042.1","Unmatched","","","",""
"CCDC189","Previous symbol","CFAP119","cilia and flagella associated protein 119","HGNC:28078","16p11.2"
"AL034550.1","Unmatched","","","",""
"AL445685.1","Unmatched","","","",""
"PPP5D1","Previous symbol","PPP5D1P","PPP5 tetratricopeptide repeat domain containing 1, pseudogene","HGNC:44209","19q13.32"
"AC074117.1","Alias symbol","GTF3C2-AS2","GTF3C2 antisense RNA 2","HGNC:55699","2p23.3"
"AC025171.4","Unmatched","","","",""
"AC009120.2","Unmatched","","","",""
"AP002490.1","Unmatched","","","",""
"AL360270.3","Unmatched","","","",""
"AL359513.1","Unmatched","","","",""
"AL358334.3","Unmatched","","","",""
"AL049780.1","Unmatched","","","",""
"AC020978.7","Unmatched","","","",""
"AC005909.2","Unmatched","","","",""
"LINC00894","Previous symbol","EOLA2-DT","EOLA2 divergent transcript","HGNC:48579","Xq28"
"AC124016.1","Unmatched","","","",""
"AC092803.3","Unmatched","","","",""
"AL022328.4","Unmatched","","","",""
"AC104123.1","Unmatched","","","",""
"AL449423.1","Unmatched","","","",""
"AP006565.1","Unmatched","","","",""
"AL604028.1","Unmatched","","","",""
"FUT11","Previous symbol","POFUT4","protein O-fucosyltransferase 4","HGNC:19233","10q22.2"
"FUT11","Previous symbol","POFUT4","protein O-fucosyltransferase 4","HGNC:19233","10q22.2"
"TMEM262","Previous symbol","CATSPERH","catsper channel auxiliary subunit eta","HGNC:49389","11q13.1"
"AF131215.6","Unmatched","","","",""
"AL161430.1","Unmatched","","","",""
"AC026470.2","Unmatched","","","",""
"AC074183.1","Unmatched","","","",""
"TMCC1-AS1","Previous symbol","TMCC1-DT","TMCC1 divergent transcript","HGNC:49060","3q22.1"
"AC103974.1","Unmatched","","","",""
"LINC02588","Previous symbol","NOVA1-DT","NOVA1 divergent transcript","HGNC:19827","14q12"
"AL022157.1","Unmatched","","","",""
"AL031432.4","Unmatched","","","",""
"AC009506.1","Unmatched","","","",""
"ARSE","Previous symbol","ARSL","arylsulfatase L","HGNC:719","Xp22.33"
"AC096733.2","Unmatched","","","",""
"RARS","Previous symbol","RARS1","arginyl-tRNA synthetase 1","HGNC:9870","5q34"
"AC018761.2","Unmatched","","","",""
"AL358472.4","Unmatched","","","",""
"AC010883.1","Unmatched","","","",""
"LINC01137","Previous symbol","LITATS1","lncRNA induced by TGF-beta and antagonizes TGF-beta signaling 1","HGNC:49453","1p34.3"
"AC012613.1","Unmatched","","","",""
"AC087854.1","Unmatched","","","",""
"AC104370.1","Unmatched","","","",""
"C7orf61","Previous symbol","SPACDR","sperm acrosome developmental regulator","HGNC:22135","7q22.1"
"AL049830.3","Unmatched","","","",""
"AC025754.2","Unmatched","","","",""
"MYLPF","Previous symbol","MYL11","myosin light chain 11","HGNC:29824","16p11.2"
"AL138686.1","Unmatched","","","",""
"AL133268.4","Unmatched","","","",""
"AC130650.1","Unmatched","","","",""
"AC005332.3","Unmatched","","","",""
"AC022182.1","Unmatched","","","",""
"BX004807.1","Unmatched","","","",""
"AC079142.1","Unmatched","","","",""
"HIST1H3H","Previous symbol","H3C10","H3 clustered histone 10","HGNC:4775","6p22.1"
"AC003965.2","Unmatched","","","",""
"AL121658.1","Unmatched","","","",""
"Z99758.1","Unmatched","","","",""
"AC000068.1","Unmatched","","","",""
"MFSD14C","Previous symbol","SLC71A3P","solute carrier family 71 member 3, pseudogene","HGNC:23672","9q22.33"
"AC100763.1","Unmatched","","","",""
"AP002761.4","Unmatched","","","",""
"AL355612.1","Unmatched","","","",""
"AC023480.1","Unmatched","","","",""
"AC012485.2","Unmatched","","","",""
"U47924.2","Unmatched","","","",""
"AC027288.3","Alias symbol","SYT1-AS1","SYT1 antisense RNA 1","HGNC:58105","12q21.2"
"AC015660.1","Alias symbol","LINC03080","long intergenic non-protein coding RNA 3080","HGNC:56670","15q26.3"
"FAM214A","Previous symbol","ATOSA","atos homolog A","HGNC:25609","15q21.2-q21.3"
"AC105450.1","Unmatched","","","",""
"AL136419.3","Unmatched","","","",""
"AC009630.1","Unmatched","","","",""
"AC004918.1","Unmatched","","","",""
"AC006449.2","Unmatched","","","",""
"AC020915.2","Unmatched","","","",""
"LINC02062","Previous symbol","CHD1-DT","CHD1 divergent transcript","HGNC:52907","5q21.1"
"AC009812.1","Unmatched","","","",""
"AC004066.2","Unmatched","","","",""
"AC026748.3","Unmatched","","","",""
"AL731577.2","Unmatched","","","",""
"SLC9A3R1","Previous symbol","NHERF1","NHERF family PDZ scaffold protein 1","HGNC:11075","17q25.1"
"AC018563.1","Unmatched","","","",""
"CIR1","Previous symbol","CIRSR","corepressor of RBPJ and splicing regulator","HGNC:24217","2q31.1"
"AC010531.6","Unmatched","","","",""
"AC006213.3","Unmatched","","","",""
"AL121790.2","Unmatched","","","",""
"CU638689.5","Unmatched","","","",""
"AL353693.1","Unmatched","","","",""
"AC025159.1","Unmatched","","","",""
"AP000679.1","Unmatched","","","",""
"AC125807.2","Unmatched","","","",""
"AC022872.1","Unmatched","","","",""
"AC068025.1","Unmatched","","","",""
"AL133304.3","Unmatched","","","",""
"AC015849.3","Unmatched","","","",""
"AC019257.1","Unmatched","","","",""
"AL445524.1","Unmatched","","","",""
"AL033397.1","Unmatched","","","",""
"AC004253.1","Unmatched","","","",""
"AC137810.1","Unmatched","","","",""
"C17orf49","Previous symbol","BACC1","BPTF associated chromatin complex component 1","HGNC:28737","17p13.1"
"AC022784.1","Unmatched","","","",""
"AC083900.1","Unmatched","","","",""
"AL031428.1","Unmatched","","","",""
"AL627171.2","Unmatched","","","",""
"AL031283.1","Unmatched","","","",""
"AL008726.1","Unmatched","","","",""
"AL732314.6","Unmatched","","","",""
"AC013762.1","Unmatched","","","",""
"AC012676.1","Unmatched","","","",""
"AC239868.1","Unmatched","","","",""
"AL080276.2","Unmatched","","","",""
"AL021707.6","Unmatched","","","",""
"AC138409.3","Unmatched","","","",""
"MFSD4A","Previous symbol","SLC60A1","solute carrier family 60 member 1","HGNC:25433","1q32.1"
"AC025211.1","Unmatched","","","",""
"HIST1H4J","Previous symbol","H4C11","H4 clustered histone 11","HGNC:4785","6p22.1"
"AC011346.1","Unmatched","","","",""
"AC026691.1","Unmatched","","","",""
"AC091043.1","Unmatched","","","",""
"AL121820.2","Unmatched","","","",""
"AP001372.2","Unmatched","","","",""
"AL355499.1","Unmatched","","","",""
"AC007406.5","Unmatched","","","",""
"AC015971.1","Unmatched","","","",""
"AC090198.1","Unmatched","","","",""
"AC005562.1","Unmatched","","","",""
"AL390198.1","Unmatched","","","",""
"AC107884.1","Unmatched","","","",""
"AC022137.4","Unmatched","","","",""
"AL513320.1","Unmatched","","","",""
"AC005786.3","Unmatched","","","",""
"AL451069.2","Unmatched","","","",""
"AL645939.5","Unmatched","","","",""
"AC139019.1","Unmatched","","","",""
"AC073896.2","Unmatched","","","",""
"AL133215.2","Unmatched","","","",""
"AC027279.1","Unmatched","","","",""
"AL591845.1","Unmatched","","","",""
"AC027682.3","Unmatched","","","",""
"AC022613.1","Unmatched","","","",""
"AC009118.2","Unmatched","","","",""
"FO704657.1","Unmatched","","","",""
"BX537318.1","Unmatched","","","",""
"AP002761.3","Unmatched","","","",""
"AL355999.1","Unmatched","","","",""
"C2CD6","Previous symbol","CATSPERT","catsper channel auxiliary subunit tau","HGNC:14438","2q33.1"
"AL590101.1","Unmatched","","","",""
"AL121832.1","Unmatched","","","",""
"AC069287.2","Unmatched","","","",""
"AP002387.2","Alias symbol","DHCR7-DT","DHCR7 divergent transcript","HGNC:56822","11q13.4"
"HIST1H2AM","Previous symbol","H2AC17","H2A clustered histone 17","HGNC:4735","6p22.1"
"AC106772.1","Unmatched","","","",""
"AL512413.1","Unmatched","","","",""
"C11orf49","Previous symbol","CSTPP1","centriolar satellite-associated tubulin polyglutamylase complex regulator 1","HGNC:28720","11p11.2"
"AC124283.1","Unmatched","","","",""
"AC137834.2","Unmatched","","","",""
"AC009088.2","Unmatched","","","",""
"AC025265.1","Unmatched","","","",""
"AC007611.1","Unmatched","","","",""
"AC080013.1","Unmatched","","","",""
"AC093864.1","Unmatched","","","",""
"C11orf53","Previous symbol","POU2AF2","POU class 2 homeobox associating factor 2","HGNC:30527","11q23.1"
"AP000688.1","Unmatched","","","",""
"AC002460.2","Unmatched","","","",""
"AL021368.2","Unmatched","","","",""
"AC018647.2","Unmatched","","","",""
"CARS","Previous symbol","CARS1","cysteinyl-tRNA synthetase 1","HGNC:1493","11p15.4"
"AC092115.3","Unmatched","","","",""
"AC079305.1","Unmatched","","","",""
"AL021707.1","Unmatched","","","",""
"FGFR1OP","Previous symbol","CEP43","centrosomal protein 43","HGNC:17012","6q27"
"AC003965.1","Unmatched","","","",""
"AC009061.2","Unmatched","","","",""
"AL358472.3","Unmatched","","","",""
"C12orf40","Previous symbol","REDIC1","regulator of DNA class I crossover intermediates 1","HGNC:26846","12q12"
"Z93930.2","Unmatched","","","",""
"Z92544.1","Unmatched","","","",""
"AC026341.1","Unmatched","","","",""
"AC084036.1","Unmatched","","","",""
"AC120053.1","Unmatched","","","",""
"AL441883.1","Unmatched","","","",""
"AL135791.1","Unmatched","","","",""
"AL355816.2","Unmatched","","","",""
"AC010273.2","Unmatched","","","",""
"AC083870.1","Unmatched","","","",""
"AP002992.1","Unmatched","","","",""
"AC010894.2","Unmatched","","","",""
"C4orf45","Previous symbol","SPMIP2","sperm microtubule inner protein 2","HGNC:26342","4q32.1"
"AC010913.1","Unmatched","","","",""
"FAM183A","Previous symbol","CFAP144","cilia and flagella associated protein 144","HGNC:34347","1p34.2"
"CXorf56","Previous symbol","STEEP1","STING1 ER exit protein 1","HGNC:26239","Xq24"
"AL031772.1","Unmatched","","","",""
"AP002807.1","Unmatched","","","",""
"AC132217.2","Unmatched","","","",""
"AC027277.1","Unmatched","","","",""
"AL109930.1","Unmatched","","","",""
"AC010359.3","Unmatched","","","",""
"AC011997.1","Unmatched","","","",""
"AC097468.3","Unmatched","","","",""
"AL512598.1","Unmatched","","","",""
"GATD3A","Previous symbol","GATD3","glutamine amidotransferase class 1 domain containing 3","HGNC:1273","21q22.3"
"AL929472.3","Unmatched","","","",""
"AC009315.1","Unmatched","","","",""
"AC079385.1","Unmatched","","","",""
"AC004797.1","Unmatched","","","",""
"CNTD2","Previous symbol","CCNP","cyclin P","HGNC:25805","19q13.2"
"AC023794.1","Unmatched","","","",""
"SIK1B","Entry withdrawn","SIK1B","","HGNC:52389",""
"AC010442.1","Unmatched","","","",""
"AC007448.4","Unmatched","","","",""
"AC091588.3","Unmatched","","","",""
"AC009097.4","Unmatched","","","",""
"AC026202.2","Unmatched","","","",""
"AC092287.1","Unmatched","","","",""
"AL049795.1","Unmatched","","","",""
"AC018682.1","Unmatched","","","",""
"AC099314.1","Unmatched","","","",""
"UBA6-AS1","Previous symbol","UBA6-DT","UBA6 divergent transcript","HGNC:49083","4q13.2"
"AL132639.2","Unmatched","","","",""
"AC132153.1","Unmatched","","","",""
"AL354928.1","Unmatched","","","",""
"AC069234.1","Unmatched","","","",""
"AC253572.2","Unmatched","","","",""
"AC008522.1","Unmatched","","","",""
"AC016745.1","Unmatched","","","",""
"C6orf223","Previous symbol","LINC03040","long intergenic non-protein coding RNA 3040","HGNC:28692","6p21.1"
"AC021054.1","Unmatched","","","",""
"AC104695.2","Unmatched","","","",""
"AC089983.1","Unmatched","","","",""
"AL031587.2","Unmatched","","","",""
"AL138733.1","Unmatched","","","",""
"AC004112.1","Unmatched","","","",""
"SLC9A3R2","Previous symbol","NHERF2","NHERF family PDZ scaffold protein 2","HGNC:11076","16p13.3"
"AC008267.5","Unmatched","","","",""
"AL356804.1","Unmatched","","","",""
"DARS-AS1","Previous symbol","DARS1-AS1","DARS1 antisense RNA 1","HGNC:40170","2q21.3"
"AC017083.2","Unmatched","","","",""
"AC090061.1","Unmatched","","","",""
"AL513548.1","Unmatched","","","",""
"AL157886.1","Unmatched","","","",""
"AL355377.4","Unmatched","","","",""
"AC093158.1","Unmatched","","","",""
"AC024941.2","Unmatched","","","",""
"FAM122A","Previous symbol","PABIR1","PP2A Aalpha (PPP2R1A) and B55A (PPP2R2A) interacting phosphatase regulator 1","HGNC:23490","9q21.11"
"LINC00167","Previous symbol","PRDM10-DT","PRDM10 divergent transcript","HGNC:30468","11q24.3"
"NCMAP-DT","Previous symbol","RCAN3AS","RCAN3 antisense RNA","HGNC:39009","1p36.11"
"AL591506.1","Unmatched","","","",""
"AC009119.1","Unmatched","","","",""
"AC053513.1","Unmatched","","","",""
"AC127035.1","Unmatched","","","",""
"AC092718.1","Unmatched","","","",""
"AL137003.1","Alias symbol","ATXN1-AS1","ATXN1 antisense RNA 1","HGNC:40515","6p22.3"
"AC005586.2","Unmatched","","","",""
"AC013480.1","Unmatched","","","",""
"PAXIP1-AS1","Previous symbol","PAXIP1-DT","PAXIP1 divergent transcript","HGNC:27328","7q36.2"
"AC105339.3","Unmatched","","","",""
"C4orf47","Previous symbol","CFAP96","cilia and flagella associated protein 96","HGNC:34346","4q35.1"
"AC005914.1","Unmatched","","","",""
"AC159540.2","Unmatched","","","",""
"TTC30A","Previous symbol","IFT70A","intraflagellar transport 70A","HGNC:25853","2q31.2"
"AC108488.1","Unmatched","","","",""
"AL359643.3","Unmatched","","","",""
"AL023803.1","Unmatched","","","",""
"AC063944.1","Unmatched","","","",""
"AC009299.3","Unmatched","","","",""
"AC015987.1","Unmatched","","","",""
"C12orf73","Previous symbol","UQCC6","ubiquinol-cytochrome c reductase complex assembly factor 6","HGNC:34450","12q23.3"
"AP002478.1","Unmatched","","","",""
"AC073257.1","Unmatched","","","",""
"AL049775.2","Unmatched","","","",""
"AC091607.2","Unmatched","","","",""
"AC061708.1","Unmatched","","","",""
"AC011446.2","Unmatched","","","",""
"AC068228.1","Alias symbol","FAM83A-AS2","FAM83A antisense RNA 2","HGNC:56225","8q24.13"
"AC022306.2","Unmatched","","","",""
"AL133227.1","Unmatched","","","",""
"AP001266.2","Unmatched","","","",""
"AC115618.1","Unmatched","","","",""
"LINC01357","Previous symbol","SLC16A1-AS1","SLC16A1 antisense RNA 1","HGNC:49445","1p13.2"
"AC006480.2","Unmatched","","","",""
"AC090912.1","Alias symbol","RBBP8-AS1","RBBP8 antisense RNA 1","HGNC:58091","18q11.2"
"AC112719.2","Unmatched","","","",""
"AL023284.4","Unmatched","","","",""
"AL031666.3","Unmatched","","","",""
"AC136475.3","Unmatched","","","",""
"C12orf66","Previous symbol","KICS2","KICSTOR subunit 2","HGNC:26517","12q14.2"
"AL031848.2","Unmatched","","","",""
"AC009495.3","Unmatched","","","",""
"AC007383.2","Alias symbol","INO80D-AS1","INO80D antisense RNA 1","HGNC:55803","2q33.3"
"AC063960.2","Unmatched","","","",""
"AC004221.1","Unmatched","","","",""
"AC092902.4","Unmatched","","","",""
"AC084816.1","Unmatched","","","",""
"AC016831.5","Unmatched","","","",""
"AC131235.2","Unmatched","","","",""
"AL121972.1","Unmatched","","","",""
"AL139317.5","Unmatched","","","",""
"AC073529.1","Unmatched","","","",""
"AP000487.1","Unmatched","","","",""
"YARS","Previous symbol","YARS1","tyrosyl-tRNA synthetase 1","HGNC:12840","1p35.1"
"AC026367.3","Unmatched","","","",""
"AC087762.1","Unmatched","","","",""
"AC009404.1","Unmatched","","","",""
"AC022211.2","Alias symbol","MIF4GD-DT","MIF4GD divergent transcript","HGNC:55335","17q25.1"
"DEC1","Alias symbol","BHLHE40","basic helix-loop-helix family member e40","HGNC:1046","3p26.1"
"DEC1","Previous symbol","DELEC1","deleted in esophageal cancer 1","HGNC:23658","9q33.1"
"AL353689.3","Unmatched","","","",""
"C2orf88","Previous symbol","AKAP19","A-kinase anchoring protein 19","HGNC:28191","2q32.2"
"AC093866.1","Unmatched","","","",""
"TMEM161B-AS1","Previous symbol","TMEM161B-DT","TMEM161B divergent transcript","HGNC:43839","5q14.3"
"PALM2-AKAP2","Previous symbol","PALM2AKAP2","PALM2 and AKAP2 fusion","HGNC:33529","9q31.3"
"AC020611.2","Unmatched","","","",""
"HIST1H2BC","Previous symbol","H2BC4","H2B clustered histone 4","HGNC:4757","6p22.2"
"Z95118.2","Unmatched","","","",""
"AC005306.1","Unmatched","","","",""
"AL158064.1","Unmatched","","","",""
"AL110292.1","Unmatched","","","",""
"AL162171.2","Unmatched","","","",""
"AC092118.1","Unmatched","","","",""
"AC068338.3","Unmatched","","","",""
"CCDC84-DT","Previous symbol","CENATAC-DT","CENATAC divergent transcript","HGNC:54215","11q23.3"
"AC024382.1","Unmatched","","","",""
"AC027031.2","Unmatched","","","",""
"AC044849.1","Unmatched","","","",""
"AC023908.3","Unmatched","","","",""
"AC091045.1","Unmatched","","","",""
"AL162431.1","Unmatched","","","",""
"AP000781.1","Unmatched","","","",""
"AP001107.2","Unmatched","","","",""
"HIST2H2AA4","Previous symbol","H2AC19","H2A clustered histone 19","HGNC:29668","1q21.2"
"AC026471.3","Unmatched","","","",""
"AC132872.5","Unmatched","","","",""
"AL512363.1","Unmatched","","","",""
"LINC01004","Previous symbol","KMT2E-AS1","KMT2E antisense RNA 1","HGNC:40845","7q22.3"
"AC062028.1","Unmatched","","","",""
"AC024337.1","Unmatched","","","",""
"AC004816.1","Unmatched","","","",""
"AC234582.1","Unmatched","","","",""
"AC108134.4","Unmatched","","","",""
"AC010524.1","Unmatched","","","",""
"LRRC29","Previous symbol","FBXL9P","F-box and leucine rich repeat protein, pseudogene","HGNC:13605","16q22.1"
"GGT2","Previous symbol","GGT2P","gamma-glutamyltransferase 2, pseudogene","HGNC:4251","22q11.21"
"AL109824.1","Unmatched","","","",""
"AL035530.2","Unmatched","","","",""
"AC099522.2","Unmatched","","","",""
"AP006623.1","Unmatched","","","",""
"AC087521.2","Unmatched","","","",""
"FAM126B","Previous symbol","HYCC2","hyccin PI4KA lipid kinase complex subunit 2","HGNC:28593","2q33.1"
"AC093525.7","Unmatched","","","",""
"AC092171.4","Unmatched","","","",""
"AC008074.2","Unmatched","","","",""
"AL139353.2","Unmatched","","","",""
"AC117834.1","Unmatched","","","",""
"AC002070.1","Unmatched","","","",""
"AC024560.4","Unmatched","","","",""
"AL355075.4","Unmatched","","","",""
"AL109628.2","Unmatched","","","",""
"C12orf4","Previous symbol","FERRY3","FERRY endosomal RAB5 effector complex subunit 3","HGNC:1184","12p13.32"
"AL138820.1","Unmatched","","","",""
"AC124861.1","Unmatched","","","",""
"AC007114.1","Unmatched","","","",""
"AC011416.3","Unmatched","","","",""
"AL161772.1","Unmatched","","","",""
"AC100778.3","Unmatched","","","",""
"AC015802.6","Unmatched","","","",""
"AL391840.1","Unmatched","","","",""
"AL445623.2","Unmatched","","","",""
"AL390728.6","Unmatched","","","",""
"FAM86C1","Previous symbol","FAM86C1P","family with sequence similarity 86 member C1, pseudogene","HGNC:25561","11q13.4"
"FAM102A","Previous symbol","EEIG1","estrogen-induced osteoclastogenesis regulator 1","HGNC:31419","9q34.11"
"AC093157.1","Unmatched","","","",""
"AL050403.2","Unmatched","","","",""
"AC015871.4","Unmatched","","","",""
"MRVI1-AS1","Previous symbol","IRAG1-AS1","IRAG1 antisense RNA 1","HGNC:43434","11p15.4"
"AC076966.2","Unmatched","","","",""
"AP000692.2","Unmatched","","","",""
"AP001412.1","Unmatched","","","",""
"AL137802.2","Unmatched","","","",""
"AC002076.1","Unmatched","","","",""
"AC106818.2","Unmatched","","","",""
"AC022966.2","Unmatched","","","",""
"AC004034.1","Unmatched","","","",""
"AC058791.1","Unmatched","","","",""
"AC005520.5","Unmatched","","","",""
"AC073167.1","Unmatched","","","",""
"AL645608.6","Unmatched","","","",""
"AL391650.1","Unmatched","","","",""
"AP005482.3","Unmatched","","","",""
"MARCH8","Previous symbol","MARCHF8","membrane associated ring-CH-type finger 8","HGNC:23356","10q11.21-q11.22"
"AL355312.4","Unmatched","","","",""
"AC114947.2","Unmatched","","","",""
"AC245140.2","Unmatched","","","",""
"AL450384.2","Unmatched","","","",""
"AL162595.2","Unmatched","","","",""
"FAM160A1-DT","Previous symbol","FHIP1A-DT","FHIP1A divergent transcript","HGNC:53123","4q31.3"
"AL807776.1","Unmatched","","","",""
"AL136038.5","Unmatched","","","",""
"AL135978.2","Unmatched","","","",""
"AL391335.1","Unmatched","","","",""
"AC007240.3","Unmatched","","","",""
"AL138824.1","Unmatched","","","",""
"Z98752.4","Unmatched","","","",""
"AL357033.1","Unmatched","","","",""
"AL606760.2","Unmatched","","","",""
"AC008966.1","Unmatched","","","",""
"AC019130.1","Unmatched","","","",""
"AC027018.1","Unmatched","","","",""
"ALG1L","Previous symbol","ALG1L1P","ALG1 like 1, pseudogene","HGNC:33721","3q21.2"
"AL160291.1","Unmatched","","","",""
"AL139106.1","Unmatched","","","",""
"AL731569.1","Unmatched","","","",""
"AC011483.1","Unmatched","","","",""
"TOLLIP-AS1","Previous symbol","TOLLIP-DT","TOLLIP divergent transcript","HGNC:27403","11p15.5"
"AL359762.1","Unmatched","","","",""
"AC244197.2","Unmatched","","","",""
"AC243571.2","Unmatched","","","",""
"AP001831.1","Unmatched","","","",""
"AC105285.1","Unmatched","","","",""
"AC018628.2","Unmatched","","","",""
"AP001885.2","Unmatched","","","",""
"AC074032.1","Unmatched","","","",""
"AC130324.1","Unmatched","","","",""
"AC078950.1","Unmatched","","","",""
"AC020763.1","Unmatched","","","",""
"AL139021.2","Unmatched","","","",""
"SPACA6P-AS","Previous symbol","SPACA6-AS1","SPACA6 antisense RNA 1","HGNC:49383","19q13.41"
"CBWD2","Previous symbol","ZNG1B","Zn regulated GTPase metalloprotein activator 1B","HGNC:17907","2q14.1"
"AC087239.1","Unmatched","","","",""
"AC002116.2","Unmatched","","","",""
"AC010809.1","Unmatched","","","",""
"AL356234.2","Unmatched","","","",""
"AC007220.1","Unmatched","","","",""
"Z98884.1","Unmatched","","","",""
"AL591002.1","Unmatched","","","",""
"AC022034.1","Unmatched","","","",""
"BX284668.5","Unmatched","","","",""
"AC139493.2","Unmatched","","","",""
"AP002433.2","Unmatched","","","",""
"AC006441.1","Unmatched","","","",""
"AC006262.1","Unmatched","","","",""
"AL590004.3","Alias symbol","TGILR","TGF-beta induced TARBP2 interacting lncRNA","HGNC:58116",""
"AP003498.2","Unmatched","","","",""
"AC008731.1","Unmatched","","","",""
"AP003721.4","Unmatched","","","",""
"AL132800.1","Unmatched","","","",""
"PIK3IP1-AS1","Previous symbol","PIK3IP1-DT","PIK3IP1 divergent transcript","HGNC:41072","22q12.2"
"AC093849.4","Unmatched","","","",""
"AL360091.3","Unmatched","","","",""
"WDR61","Previous symbol","SKIC8","SKI8 subunit of superkiller complex","HGNC:30300","15q25.1"
"AC083798.2","Unmatched","","","",""
"AC008945.1","Unmatched","","","",""
"AC027237.2","Unmatched","","","",""
"AC004951.1","Unmatched","","","",""
"AC093249.2","Unmatched","","","",""
"MARCH6","Previous symbol","MARCHF6","membrane associated ring-CH-type finger 6","HGNC:30550","5p15.2"
"AC008649.2","Unmatched","","","",""
"AP001505.1","Unmatched","","","",""
"AC083862.3","Unmatched","","","",""
"AC011468.5","Unmatched","","","",""
"HIST1H2AE","Previous symbol","H2AC8","H2A clustered histone 8","HGNC:4724","6p22.2"
"AC073834.1","Unmatched","","","",""
"AC096536.2","Unmatched","","","",""
"AC099778.1","Unmatched","","","",""
"AC079949.1","Unmatched","","","",""
"AC007541.1","Unmatched","","","",""
"AC083843.3","Unmatched","","","",""
"AC078778.1","Alias symbol","SCAT2","S-phase cancer associated transcript 2","HGNC:53976","12q13.13"
"AL391834.2","Unmatched","","","",""
"AC079807.1","Unmatched","","","",""
"AP003419.3","Unmatched","","","",""
"AC012146.1","Unmatched","","","",""
"AC079921.1","Unmatched","","","",""
"C5orf51","Previous symbol","RIMOC1","RAB7A interacting MON1-CCZ1 complex subunit 1","HGNC:27750","5p13.1"
"TTLL13P","Previous symbol","TTLL13","tubulin tyrosine ligase like 13","HGNC:32484","15q26.1"
"AL121772.1","Unmatched","","","",""
"AC007325.4","Unmatched","","","",""
"AC021231.1","Unmatched","","","",""
"AC067852.5","Unmatched","","","",""
"SARS","Alias symbol","SARS2","seryl-tRNA synthetase 2, mitochondrial","HGNC:17697","19q13.2"
"SARS","Previous symbol","SARS1","seryl-tRNA synthetase 1","HGNC:10537","1p13.3"
"AC129926.1","Unmatched","","","",""
"AP005329.3","Unmatched","","","",""
"FAM192A","Previous symbol","PSME3IP1","proteasome activator subunit 3 interacting protein 1","HGNC:29856","16q13"
"AL513303.1","Unmatched","","","",""
"AC106736.1","Unmatched","","","",""
"AC127070.1","Unmatched","","","",""
"LINC01764","Previous symbol","UCA1-AS1","UCA1 antisense RNA 1","HGNC:52553","19p13.12"
"AC233296.1","Unmatched","","","",""
"AL024508.1","Unmatched","","","",""
"AL360181.1","Unmatched","","","",""
"AC091965.1","Unmatched","","","",""
"AP003465.1","Unmatched","","","",""
"HHLA3","Previous symbol","ANKRD13C-DT","ANKRD13C divergent transcript","HGNC:4906","1p31.1"
"AC012640.2","Unmatched","","","",""
"AC005034.6","Unmatched","","","",""
"AC135457.1","Unmatched","","","",""
"AL161431.1","Alias symbol","LINC00370","long intergenic non-protein coding RNA 370","HGNC:42692","13q33.3"
"AC015912.3","Unmatched","","","",""
"AC107071.1","Unmatched","","","",""
"AC010198.1","Unmatched","","","",""
"AC067751.1","Unmatched","","","",""
"LINC00551","Previous symbol","ARGLU1-DT","ARGLU1 divergent transcript","HGNC:43691","13q33.3"
"AL603839.3","Unmatched","","","",""
"AC004080.2","Unmatched","","","",""
"AP005329.2","Unmatched","","","",""
"AL008721.2","Unmatched","","","",""
"AC092155.1","Unmatched","","","",""
"AL355482.2","Unmatched","","","",""
"AC007262.2","Unmatched","","","",""
"AL109811.1","Unmatched","","","",""
"AC129803.1","Unmatched","","","",""
"AC119674.1","Unmatched","","","",""
"AC015871.1","Unmatched","","","",""
"AP000879.1","Unmatched","","","",""
"IQCD","Unmatched","","","",""
"KIAA1257","Previous symbol","CFAP92","cilia and flagella associated protein 92 (putative)","HGNC:29231","3q21.3"
"AP001830.1","Unmatched","","","",""
"AC100791.2","Unmatched","","","",""
"AC105916.1","Unmatched","","","",""
"AC026191.1","Unmatched","","","",""
"AC027644.3","Unmatched","","","",""
"HIST1H1D","Previous symbol","H1-3","H1.3 linker histone, cluster member","HGNC:4717","6p22.2"
"AC026704.1","Unmatched","","","",""
"AL109976.1","Unmatched","","","",""
"AC068870.2","Unmatched","","","",""
"C12orf29","Previous symbol","RLIG1","RNA 5'-phosphate and 3'-OH ligase 1","HGNC:25322","12q21.32"
"AL356124.1","Unmatched","","","",""
"CXorf40A","Previous symbol","EOLA1","endothelium and lymphocyte associated ASCH domain 1","HGNC:28089","Xq28"
"AC130324.2","Unmatched","","","",""
"AC087294.1","Unmatched","","","",""
"AL359317.2","Unmatched","","","",""
"AC004870.2","Unmatched","","","",""
"AL450998.3","Unmatched","","","",""
"AL022322.1","Unmatched","","","",""
"MFSD4B","Previous symbol","SLC60A2","solute carrier family 60 member 2","HGNC:21053","6q21"
"AL365203.2","Unmatched","","","",""
"AC114730.1","Unmatched","","","",""
"C11orf95","Previous symbol","ZFTA","zinc finger translocation associated","HGNC:28449","11q13.1"
"AC131571.1","Unmatched","","","",""
"AC108673.3","Unmatched","","","",""
"AC007619.1","Unmatched","","","",""
"AC093462.1","Unmatched","","","",""
"AL139246.3","Unmatched","","","",""
"AL390719.3","Unmatched","","","",""
"AC023790.2","Unmatched","","","",""
"AC079742.1","Unmatched","","","",""
"AC006378.1","Unmatched","","","",""
"HIST1H2AG","Previous symbol","H2AC11","H2A clustered histone 11","HGNC:4737","6p22.1"
"AL160035.1","Unmatched","","","",""
"AC002310.1","Unmatched","","","",""
"AC008608.2","Unmatched","","","",""
"BX842570.1","Unmatched","","","",""
"AC103702.1","Unmatched","","","",""
"AC091544.5","Unmatched","","","",""
"AC010260.1","Unmatched","","","",""
"C11orf74","Previous symbol","IFTAP","intraflagellar transport associated protein","HGNC:25142","11p12"
"AC114271.1","Unmatched","","","",""
"AL162595.1","Unmatched","","","",""
"AP000331.1","Unmatched","","","",""
"AL359232.1","Unmatched","","","",""
"AC188616.1","Unmatched","","","",""
"AL354696.2","Alias symbol","KBTBD6-DT","KBTBD6 divergent transcript","HGNC:56824","13q14.11"
"AP006284.1","Unmatched","","","",""
"SRP14-AS1","Previous symbol","SRP14-DT","SRP14 divergent transcript","HGNC:48619","15q15.1"
"AC090709.1","Unmatched","","","",""
"AC005775.1","Unmatched","","","",""
"AC083855.2","Unmatched","","","",""
"AC008063.1","Unmatched","","","",""
"AC006333.2","Unmatched","","","",""
"AC025442.2","Unmatched","","","",""
"AL645465.1","Unmatched","","","",""
"AL356019.2","Unmatched","","","",""
"SUCLG2-AS1","Previous symbol","SUCLG2-DT","SUCLG2 divergent transcript","HGNC:49643","3p14.1"
"AL590666.2","Alias symbol","BCAN-AS2","BCAN antisense RNA 2","HGNC:56267","1q23.1"
"LINC002481","Previous symbol","LINC02481","long intergenic non-protein coding RNA 2481","HGNC:27958","4p16.1"
"AL157392.3","Unmatched","","","",""
"AL022238.2","Unmatched","","","",""
"AC019163.1","Unmatched","","","",""
"AC069224.1","Unmatched","","","",""
"WDYHV1","Previous symbol","NTAQ1","N-terminal glutamine amidase 1","HGNC:25490","8q24.13"
"AC000065.1","Unmatched","","","",""
"AC090971.1","Unmatched","","","",""
"AC022509.2","Unmatched","","","",""
"AC025048.4","Alias symbol","HEATR6-DT","HEATR6 divergent transcript","HGNC:52929","17q23.1"
"AC124947.1","Unmatched","","","",""
"AL033527.3","Unmatched","","","",""
"AP001767.3","Unmatched","","","",""
"AL512328.1","Unmatched","","","",""
"AC145124.1","Unmatched","","","",""
"AC142472.1","Unmatched","","","",""
"AL035071.2","Unmatched","","","",""
"AC004241.1","Unmatched","","","",""
"AL512380.2","Unmatched","","","",""
"HIST1H3B","Previous symbol","H3C2","H3 clustered histone 2","HGNC:4776","6p22.2"
"AC005229.4","Unmatched","","","",""
"AL020996.1","Unmatched","","","",""
"ADSS","Previous symbol","ADSS2","adenylosuccinate synthase 2","HGNC:292","1q44"
"AC080162.1","Unmatched","","","",""
"AC112220.2","Unmatched","","","",""
"AL035416.1","Unmatched","","","",""
"AL590714.1","Unmatched","","","",""
"EIF1B-AS1","Previous symbol","ENTPD3-AS1","ENTPD3, EIF1B and MYRIP antisense RNA 1","HGNC:26710","3p22.1"
"AC005037.1","Unmatched","","","",""
"AL359715.1","Unmatched","","","",""
"AC093677.2","Unmatched","","","",""
"AC034102.5","Unmatched","","","",""
"AC015982.2","Unmatched","","","",""
"AC103702.2","Unmatched","","","",""
"AC010168.1","Unmatched","","","",""
"SOGA3","Previous symbol","MTCL3","MTCL family member 3","HGNC:21494","6q22.33"
"H2AFY","Previous symbol","MACROH2A1","macroH2A.1 histone","HGNC:4740","5q31.1"
"AC010618.3","Unmatched","","","",""
"CBWD1","Previous symbol","ZNG1A","Zn regulated GTPase metalloprotein activator 1A","HGNC:17134","9p24.3"
"AL138787.2","Unmatched","","","",""
"AL357507.1","Unmatched","","","",""
"H1FX-AS1","Previous symbol","H1-10-AS1","H1-10 antisense RNA 1","HGNC:27953","3q21.3"
"AC022509.3","Unmatched","","","",""
"AC091544.2","Unmatched","","","",""
"AC009961.1","Unmatched","","","",""
"AC092757.2","Unmatched","","","",""
"AC004706.3","Unmatched","","","",""
"FAM104A","Previous symbol","VCF1","VCP nuclear cofactor family member 1","HGNC:25918","17q25.1"
"HIST2H2BF","Previous symbol","H2BC18","H2B clustered histone 18","HGNC:24700","1q21.2"
"AC138512.1","Unmatched","","","",""
"AL121917.1","Unmatched","","","",""
"AC073569.2","Unmatched","","","",""
"AC026356.1","Unmatched","","","",""
"AC116345.1","Unmatched","","","",""
"AC012485.3","Unmatched","","","",""
"AP001453.3","Unmatched","","","",""
"AC005551.1","Unmatched","","","",""
"AP001318.2","Unmatched","","","",""
"AC148477.3","Unmatched","","","",""
"AL121839.2","Unmatched","","","",""
"AC053503.2","Unmatched","","","",""
"AC145207.3","Unmatched","","","",""
"AL121944.1","Unmatched","","","",""
"AC072054.1","Unmatched","","","",""
"AL391988.1","Unmatched","","","",""
"AC008277.1","Unmatched","","","",""
"AC097500.1","Unmatched","","","",""
"AL136018.1","Alias symbol","GZMH-AS1","GZMH and GMZB antisense RNA 1","HGNC:58166",""
"AC004837.4","Unmatched","","","",""
"AC254633.1","Unmatched","","","",""
"AC012485.1","Unmatched","","","",""
"AP000866.6","Unmatched","","","",""
"AL162497.1","Unmatched","","","",""
"SMIM4","Previous symbol","UQCC5","ubiquinol-cytochrome c reductase complex assembly factor 5","HGNC:37257","3p21.1"
"AP003486.1","Unmatched","","","",""
"AL365272.1","Unmatched","","","",""
"AL157813.1","Unmatched","","","",""
"AC007786.1","Unmatched","","","",""
"AC010997.4","Unmatched","","","",""
"AC023794.3","Unmatched","","","",""
"AL135905.2","Unmatched","","","",""
"AC020910.5","Unmatched","","","",""
"AP001528.1","Unmatched","","","",""
"AC078785.1","Unmatched","","","",""
"AL583722.1","Unmatched","","","",""
"MFSD13A","Previous symbol","SLC68A1","solute carrier family 68 member 1","HGNC:26196","10q24.32"
"AC096992.2","Unmatched","","","",""
"AL357140.2","Unmatched","","","",""
"AL591043.2","Unmatched","","","",""
"AL590708.1","Unmatched","","","",""
"AC040169.1","Alias symbol","MBTPS1-DT","MBTPS1 divergent transcript","HGNC:55401","16q24.1"
"AC109587.1","Unmatched","","","",""
"AL022097.1","Unmatched","","","",""
"AP000766.1","Unmatched","","","",""
"AC011330.2","Unmatched","","","",""
"AF107885.2","Unmatched","","","",""
"AL356310.1","Unmatched","","","",""
"TMEM241","Previous symbol","SLC35D4","solute carrier family 35 member D4","HGNC:31723","18q11.2"
"AC012615.6","Unmatched","","","",""
"AC007319.1","Unmatched","","","",""
"AC006213.1","Unmatched","","","",""
"AL353576.1","Unmatched","","","",""
"AP002784.1","Unmatched","","","",""
"AC245052.4","Unmatched","","","",""
"BX470102.2","Unmatched","","","",""
"AL162258.2","Unmatched","","","",""
"AC027288.1","Unmatched","","","",""
"AL035587.2","Unmatched","","","",""
"C8orf37-AS1","Previous symbol","CFAP418-AS1","CFAP418 antisense RNA 1","HGNC:50444","8q22.1"
"AL357054.2","Unmatched","","","",""
"AC245060.5","Unmatched","","","",""
"AL133410.2","Unmatched","","","",""
"AL391840.3","Unmatched","","","",""
"AC114956.3","Unmatched","","","",""
"AC087477.2","Unmatched","","","",""
"AC010401.1","Unmatched","","","",""
"AL450163.1","Unmatched","","","",""
"AC026471.2","Unmatched","","","",""
"AC022075.1","Unmatched","","","",""
"AC127521.1","Unmatched","","","",""
"AC062029.1","Unmatched","","","",""
"AC009053.2","Unmatched","","","",""
"AC078777.1","Unmatched","","","",""
"AC023509.2","Unmatched","","","",""
"AC023157.3","Alias symbol","AMN1-AS1","AMN1 antisense RNA 1","HGNC:58137","12p11.21"
"TCTE3","Previous symbol","DYNLT2","dynein light chain Tctex-type 2","HGNC:11695","6q27"
"AC046134.2","Unmatched","","","",""
"ZBED9","Previous symbol","SCAND3","SCAN domain containing 3","HGNC:13851","6p22.1"
"AL031985.3","Unmatched","","","",""
"AL512791.2","Unmatched","","","",""
"C15orf41","Previous symbol","CDIN1","CDAN1 interacting nuclease 1","HGNC:26929","15q14"
"AC015923.1","Unmatched","","","",""
"AC018754.1","Unmatched","","","",""
"AC008443.5","Unmatched","","","",""
"AL021918.5","Unmatched","","","",""
"AC092828.1","Unmatched","","","",""
"AL359094.1","Unmatched","","","",""
"LINC01715","Previous symbol","TAF12-DT","TAF12 divergent transcript","HGNC:52502","1p35.3"
"AC011379.2","Unmatched","","","",""
"AC106028.3","Unmatched","","","",""
"AC093298.2","Unmatched","","","",""
"AC104109.2","Unmatched","","","",""
"Z84485.1","Unmatched","","","",""
"HIST2H2BE","Previous symbol","H2BC21","H2B clustered histone 21","HGNC:4760","1q21.2"
"MARC1","Previous symbol","MTARC1","mitochondrial amidoxime reducing component 1","HGNC:26189","1q41"
"AL034422.1","Unmatched","","","",""
"AC148476.1","Unmatched","","","",""
"AC093635.1","Unmatched","","","",""
"AC008736.1","Unmatched","","","",""
"AC103923.1","Unmatched","","","",""
"AC109460.1","Unmatched","","","",""
"AC124248.1","Unmatched","","","",""
"AC107223.1","Unmatched","","","",""
"BX284613.2","Unmatched","","","",""
"ZBED8","Previous symbol","FAM200C","family with sequence similarity 200 member C","HGNC:30804","5q33.3"
"AC008555.2","Unmatched","","","",""
"AC016590.1","Unmatched","","","",""
"AC021851.1","Unmatched","","","",""
"AP003680.1","Unmatched","","","",""
"H2AFZ","Previous symbol","H2AZ1","H2A.Z variant histone 1","HGNC:4741","4q23"
"AC100810.1","Unmatched","","","",""
"AC107375.1","Unmatched","","","",""
"AC090236.1","Unmatched","","","",""
"AL139385.1","Alias symbol","NAXD-AS1","NAXD antisense RNA 1","HGNC:56341","13q34"
"AC105411.1","Unmatched","","","",""
"AC010531.3","Unmatched","","","",""
"AL359711.2","Unmatched","","","",""
"AC073111.4","Unmatched","","","",""
"AC011611.3","Unmatched","","","",""
"AC089985.1","Unmatched","","","",""
"AC022966.1","Unmatched","","","",""
"AC104365.1","Unmatched","","","",""
"Z92544.2","Unmatched","","","",""
"AL033527.2","Unmatched","","","",""
"AC104162.2","Unmatched","","","",""
"AL392023.2","Unmatched","","","",""
"AC010999.2","Alias symbol","LINC03065","long intergenic non-protein coding RNA 3065","HGNC:56373","15q21.3"
"AC098820.1","Unmatched","","","",""
"AL022341.1","Unmatched","","","",""
"AC068205.2","Unmatched","","","",""
"AP005717.2","Unmatched","","","",""
"ABALON","Entry withdrawn","ABALON","","HGNC:49667",""
"AL033523.1","Unmatched","","","",""
"LINC00266-1","Previous symbol","SEPTIN14P20","septin 14 pseudogene 20","HGNC:51706","20q13.33"
"U91328.1","Unmatched","","","",""
"AC019117.2","Unmatched","","","",""
"FAM126A","Previous symbol","HYCC1","hyccin PI4KA lipid kinase complex subunit 1","HGNC:24587","7p15.3"
"AC024230.1","Unmatched","","","",""
"AC025043.1","Unmatched","","","",""
"AC116345.4","Unmatched","","","",""
"AC104850.2","Unmatched","","","",""
"AC010789.2","Unmatched","","","",""
"LINC02036","Previous symbol","LINC00887","long intergenic non-protein coding RNA 887","HGNC:48574","3q29"
"AL021392.1","Unmatched","","","",""
"AC016394.1","Unmatched","","","",""
"AL118556.1","Unmatched","","","",""
"AL391121.1","Unmatched","","","",""
"AC004477.1","Unmatched","","","",""
"CARS-AS1","Previous symbol","CARS1-AS1","CARS1 antisense RNA 1","HGNC:40125","11p15.4"
"AC100861.1","Unmatched","","","",""
"AC116552.1","Unmatched","","","",""
"AP004609.3","Unmatched","","","",""
"CCDC153","Previous symbol","DRC12","dynein regulatory complex subunit 12 homolog","HGNC:27446","11q23.3"
"AC116428.1","Unmatched","","","",""
"C5orf17","Previous symbol","LINC02899","long intergenic non-protein coding RNA 2899","HGNC:26630","5p14.2"
"AC023632.2","Unmatched","","","",""
"AC121757.2","Unmatched","","","",""
"AC005041.5","Unmatched","","","",""
"AC109454.2","Unmatched","","","",""
"AC011466.1","Unmatched","","","",""
"AL157756.1","Unmatched","","","",""
"C8orf37","Previous symbol","CFAP418","cilia and flagella associated protein 418","HGNC:27232","8q22.1"
"AC073525.1","Unmatched","","","",""
"AP001107.9","Unmatched","","","",""
"AC124068.2","Unmatched","","","",""
"CU634019.5","Unmatched","","","",""
"AC107068.1","Unmatched","","","",""
"BOLA3-AS1","Previous symbol","BOLA3-DT","BOLA3 divergent transcript","HGNC:42922","2p13.1"
"AC090152.1","Unmatched","","","",""
"AL353151.2","Unmatched","","","",""
"AL591178.1","Unmatched","","","",""
"AC098487.1","Unmatched","","","",""
"H2AFV","Previous symbol","H2AZ2","H2A.Z variant histone 2","HGNC:20664","7p13"
"AL451062.1","Unmatched","","","",""
"AC012363.1","Unmatched","","","",""
"AL157786.1","Unmatched","","","",""
"AC060780.1","Unmatched","","","",""
"AC087623.2","Unmatched","","","",""
"AL731684.1","Unmatched","","","",""
"AC116407.2","Unmatched","","","",""
"AC027097.1","Unmatched","","","",""
"AC068282.1","Unmatched","","","",""
"AC245140.3","Unmatched","","","",""
"AC008014.1","Unmatched","","","",""
"HIST1H2BJ","Previous symbol","H2BC11","H2B clustered histone 11","HGNC:4761","6p22.1"
"AL049780.2","Unmatched","","","",""
"AL355377.3","Unmatched","","","",""
"AL139398.1","Unmatched","","","",""
"KIAA1211","Previous symbol","CRACD","capping protein inhibiting regulator of actin dynamics","HGNC:29219","4q12"
"AC073840.1","Unmatched","","","",""
"GARS","Previous symbol","GARS1","glycyl-tRNA synthetase 1","HGNC:4162","7p14.3"
"AL133243.3","Unmatched","","","",""
"AL096803.2","Unmatched","","","",""
"AC107032.2","Unmatched","","","",""
"AL136295.7","Unmatched","","","",""
"FAM122C","Previous symbol","PABIR3","PABIR family member 3","HGNC:25202","Xq26.3"
"AC024558.2","Unmatched","","","",""
"CRIPAK","Entry withdrawn","CRIPAK","","HGNC:26619",""
"AL355312.3","Unmatched","","","",""
"AP000777.2","Unmatched","","","",""
"AC027796.4","Unmatched","","","",""
"AC103739.1","Unmatched","","","",""
"AC010336.1","Unmatched","","","",""
"AC008750.4","Unmatched","","","",""
"AC006230.1","Unmatched","","","",""
"AC104984.2","Unmatched","","","",""
"AC023787.2","Unmatched","","","",""
"AL590133.2","Unmatched","","","",""
"AC007365.1","Alias symbol","LINC02579","long intergenic non-protein coding RNA 2579","HGNC:27942","2p14"
"AC103810.2","Unmatched","","","",""
"AC092338.3","Unmatched","","","",""
"AC012467.2","Unmatched","","","",""
"AC132192.2","Unmatched","","","",""
"AL162385.2","Unmatched","","","",""
"AP005329.1","Unmatched","","","",""
"FP671120.4","Unmatched","","","",""
"AC046158.1","Unmatched","","","",""
"AC132192.1","Unmatched","","","",""
"AL109811.2","Unmatched","","","",""
"AL583722.2","Unmatched","","","",""
"AC005856.1","Unmatched","","","",""
"AL139234.1","Unmatched","","","",""
"AC097534.2","Unmatched","","","",""
"AC068724.3","Unmatched","","","",""
"AC008462.1","Unmatched","","","",""
"HIST1H3D","Previous symbol","H3C4","H3 clustered histone 4","HGNC:4767","6p22.2"
"CCDC58","Previous symbol","MIX23","mitochondrial matrix import factor 23","HGNC:31136","3q21.1"
"AC025917.1","Unmatched","","","",""
"AL590617.2","Unmatched","","","",""
"AC012184.3","Unmatched","","","",""
"AL358216.1","Unmatched","","","",""
"AL136366.1","Alias symbol","NFIB-AS1","NFIB antisense RNA 1","HGNC:56058","9p22.3"
"AC009313.1","Unmatched","","","",""
"AL592435.1","Unmatched","","","",""
"AC093732.1","Unmatched","","","",""
"HIST1H2BM","Previous symbol","H2BC14","H2B clustered histone 14","HGNC:4750","6p22.1"
"HCG17","Previous symbol","HCG18","HLA complex group 18","HGNC:31337","6p22.1"
"AC015908.2","Unmatched","","","",""
"AP001025.1","Unmatched","","","",""
"AP000350.6","Unmatched","","","",""
"AP004608.1","Alias symbol","B3GAT1-DT","B3GAT1 divergent transcript","HGNC:27449","11q25"
"AC074044.1","Unmatched","","","",""
"AC114488.2","Unmatched","","","",""
"AC025423.4","Unmatched","","","",""
"BX649632.1","Unmatched","","","",""
"AL133338.1","Unmatched","","","",""
"AL354836.1","Unmatched","","","",""
"AL358790.1","Unmatched","","","",""
"AL139423.1","Unmatched","","","",""
"AC067930.3","Unmatched","","","",""
"LINC01006","Previous symbol","RNF32-DT","RNF32 divergent transcript","HGNC:48971","7q36.3"
"AL031590.1","Unmatched","","","",""
"AC009365.4","Unmatched","","","",""
"AP000779.1","Unmatched","","","",""
"AC010969.2","Unmatched","","","",""
"AL353708.3","Unmatched","","","",""
"COLCA2","Previous symbol","POU2AF3","POU class 2 homeobox associating factor 3","HGNC:26978","11q23.1"
"SOGA1","Previous symbol","MTCL2","microtubule crosslinking factor 2","HGNC:16111","20q11.23"
"AC110809.1","Unmatched","","","",""
"AC066613.2","Unmatched","","","",""
"AC068888.1","Unmatched","","","",""
"AL606489.1","Alias symbol","PPP1R15B-AS1","PPP1R15B and PIK3C2B antisense RNA 1","HGNC:55838","1q32.1"
"AC020704.1","Unmatched","","","",""
"AL136418.1","Unmatched","","","",""
"AL158847.1","Unmatched","","","",""
"AC025171.1","Unmatched","","","",""
"SMIM27","Previous symbol","TZMP1","transition zone microprotein 1","HGNC:31420","9p21.1"
"C16orf72","Previous symbol","HAPSTR1","HUWE1 associated protein modifying stress responses","HGNC:30103","16p13.2"
"AC010261.2","Unmatched","","","",""
"Z82217.1","Unmatched","","","",""
"AC025580.2","Unmatched","","","",""
"AC003991.1","Unmatched","","","",""
"AL117332.1","Unmatched","","","",""
"TNKS2-AS1","Previous symbol","TNKS2-DT","TNKS2 divergent transcript","HGNC:45173","10q23.32"
"AC138969.1","Unmatched","","","",""
"AC008571.2","Unmatched","","","",""
"AC012360.3","Unmatched","","","",""
"AC026992.1","Unmatched","","","",""
"LINC00866","Previous symbol","GOLGA7B-DT","GOLGA7B divergent transcript","HGNC:45232","10q24.2"
"AC011379.1","Unmatched","","","",""
"HIST1H3C","Previous symbol","H3C3","H3 clustered histone 3","HGNC:4768","6p22.2"
"AC090589.2","Unmatched","","","",""
"AC005759.1","Unmatched","","","",""
"AC107072.2","Unmatched","","","",""
"BX255925.3","Unmatched","","","",""
"FAM160B1","Previous symbol","FHIP2A","FHF complex subunit HOOK interacting protein 2A","HGNC:29320","10q25.3"
"AC004990.1","Unmatched","","","",""
"AC006547.3","Unmatched","","","",""
"AC022973.5","Unmatched","","","",""
"AC046130.1","Unmatched","","","",""
"HIST2H2AB","Previous symbol","H2AC21","H2A clustered histone 21","HGNC:20508","1q21.2"
"AC036214.1","Unmatched","","","",""
"AL133523.1","Unmatched","","","",""
"AC083837.1","Alias symbol","LINC02605","long intergenic non-protein coding RNA 2605","HGNC:53974","8q21.13"
"AC027682.1","Unmatched","","","",""
"AC099520.1","Unmatched","","","",""
"AC002066.1","Alias symbol","CAV2-DT","CAV2 divergent transcript","HGNC:40129","7q31.2"
"AC006369.1","Alias symbol","CDC42EP3-AS1","CDC42EP3 antisense RNA 1","HGNC:56370","2p22.2"
"AL158011.1","Unmatched","","","",""
"AC084740.1","Unmatched","","","",""
"AL645933.2","Unmatched","","","",""
"AL133410.1","Unmatched","","","",""
"AC130456.3","Unmatched","","","",""
"AL157400.3","Unmatched","","","",""
"AC005523.2","Unmatched","","","",""
"AL137060.3","Unmatched","","","",""
"HIST1H3G","Previous symbol","H3C8","H3 clustered histone 8","HGNC:4772","6p22.2"
"BX324167.1","Unmatched","","","",""
"AC064807.2","Unmatched","","","",""
"AL162390.1","Unmatched","","","",""
"WDR92","Previous symbol","DNAAF10","dynein axonemal assembly factor 10","HGNC:25176","2p14"
"AC073333.1","Unmatched","","","",""
"C16orf91","Previous symbol","UQCC4","ubiquinol-cytochrome c reductase complex assembly factor 4","HGNC:27558","16p13.3"
"AC008403.3","Unmatched","","","",""
"AP002851.1","Unmatched","","","",""
"AC124798.1","Unmatched","","","",""
"AC005355.1","Unmatched","","","",""
"AC007066.3","Unmatched","","","",""
"UBR5-AS1","Previous symbol","UBR5-DT","UBR5 divergent transcript","HGNC:51661","8q22.3"
"USP12-AS2","Alias symbol","USP12-AS1","USP12 antisense RNA 1","HGNC:39961","13q12.13"
"ADSSL1","Previous symbol","ADSS1","adenylosuccinate synthase 1","HGNC:20093","14q32.33"
"AP000943.2","Unmatched","","","",""
"SSPO","Previous symbol","SSPOP","SCO-spondin, pseudogene","HGNC:21998","7q36.1"
"AC064852.1","Unmatched","","","",""
"AC104506.1","Unmatched","","","",""
"C9orf116","Previous symbol","PIERCE1","piercer of microtubule wall 1","HGNC:28435","9q34.3"
"AC079305.3","Unmatched","","","",""
"AC064836.4","Unmatched","","","",""
"AL645568.1","Unmatched","","","",""
"AC018653.3","Unmatched","","","",""
"AC116407.1","Unmatched","","","",""
"USP46-AS1","Previous symbol","USP46-DT","USP46 divergent transcript","HGNC:43991","4q12"
"AC021097.1","Unmatched","","","",""
"AL161785.1","Alias symbol","LINC02975","long intergenic non-protein coding RNA 2975","HGNC:56025","9q34.11"
"SLC2A1-AS1","Previous symbol","SLC2A1-DT","SLC2A1 divergent transcript","HGNC:44187","1p34.2"
"AC008871.1","Unmatched","","","",""
"AC092720.1","Unmatched","","","",""
"AC023090.1","Unmatched","","","",""
"AL358115.1","Unmatched","","","",""
"AC114812.2","Unmatched","","","",""
"AC004771.3","Unmatched","","","",""
"AL096865.1","Unmatched","","","",""
"AL158071.3","Unmatched","","","",""
"AL122035.1","Unmatched","","","",""
"AF111167.2","Unmatched","","","",""
"AC125611.3","Unmatched","","","",""
"AP006261.1","Unmatched","","","",""
"AL049869.3","Unmatched","","","",""
"AC010487.2","Unmatched","","","",""
"AC011773.1","Unmatched","","","",""
"AC097382.2","Unmatched","","","",""
"AC097532.2","Unmatched","","","",""
"AC072061.1","Alias symbol","CDK13-DT","CDK13 divergent transcript","HGNC:55407","7p14.1"
"AC113382.1","Unmatched","","","",""
"AL138831.1","Unmatched","","","",""
"AL035670.1","Unmatched","","","",""
"AP003352.1","Alias symbol","RPL30-AS1","RPL30 antisense RNA 1","HGNC:56064","8q22.2"
"AP003108.1","Unmatched","","","",""
"AL162231.2","Unmatched","","","",""
"AC097376.3","Unmatched","","","",""
"AC007785.3","Unmatched","","","",""
"C5orf56","Previous symbol","CARINH","colitis associated IRF1 antisense regulator of intestinal homeostasis","HGNC:33838","5q31.1"
"AC006064.4","Unmatched","","","",""
"AC083862.2","Unmatched","","","",""
"AC108860.2","Unmatched","","","",""
"AL354733.2","Unmatched","","","",""
"AC006059.1","Unmatched","","","",""
"AC096642.1","Unmatched","","","",""
"AC226118.1","Unmatched","","","",""
"AC104590.1","Unmatched","","","",""
"AC087286.2","Unmatched","","","",""
"AP003390.1","Unmatched","","","",""
"AC103957.2","Unmatched","","","",""
"AC097534.1","Unmatched","","","",""
"CCDC65","Previous symbol","DRC2","dynein regulatory complex subunit 2","HGNC:29937","12q13.12"
"AC245297.2","Unmatched","","","",""
"AC072028.1","Unmatched","","","",""
"AL160269.1","Unmatched","","","",""
"AL592429.2","Unmatched","","","",""
"AC012459.1","Unmatched","","","",""
"AC009292.2","Unmatched","","","",""
"AC091563.1","Unmatched","","","",""
"AL592295.3","Unmatched","","","",""
"AC127526.2","Unmatched","","","",""
"AP000866.2","Unmatched","","","",""
"AC092306.1","Unmatched","","","",""
"AL512590.3","Unmatched","","","",""
"HIST1H2BO","Previous symbol","H2BC17","H2B clustered histone 17","HGNC:4758","6p22.1"
"AC006148.1","Unmatched","","","",""
"AL096870.8","Unmatched","","","",""
"AP001160.3","Unmatched","","","",""
"AC079089.1","Unmatched","","","",""
"AC231981.1","Unmatched","","","",""
"AC073114.1","Unmatched","","","",""
"AC068338.2","Unmatched","","","",""
"AL365436.2","Unmatched","","","",""
"AC016821.1","Unmatched","","","",""
"KIAA1324L","Previous symbol","ELAPOR2","endosome-lysosome associated apoptosis and autophagy regulator family member 2","HGNC:21945","7q21.12"
"AL355076.2","Unmatched","","","",""
"C5orf38","Previous symbol","IRX2-DT","IRX2 divergent transcript","HGNC:24226","5p15.33"
"AC073332.1","Unmatched","","","",""
"HIST1H4E","Previous symbol","H4C5","H4 clustered histone 5","HGNC:4790","6p22.2"
"AC114971.1","Unmatched","","","",""
"AP001453.1","Unmatched","","","",""
"AC099343.3","Unmatched","","","",""
"AL365295.1","Unmatched","","","",""
"AL117329.1","Unmatched","","","",""
"LINC00884","Previous symbol","ATP13A3-DT","ATP13A3 divergent transcript","HGNC:48570","3q29"
"HIST1H4B","Previous symbol","H4C2","H4 clustered histone 2","HGNC:4789","6p22.2"
"AC018521.5","Unmatched","","","",""
"AL445123.2","Unmatched","","","",""
"AC104596.1","Unmatched","","","",""
"U73166.1","Unmatched","","","",""
"AC105180.2","Unmatched","","","",""
"AC083949.1","Unmatched","","","",""
"AC009275.1","Unmatched","","","",""
"AC009097.1","Unmatched","","","",""
"AC008537.2","Unmatched","","","",""
"AC084357.2","Unmatched","","","",""
"AL390728.5","Unmatched","","","",""
"AC114689.3","Unmatched","","","",""
"AC010226.1","Unmatched","","","",""
"AP002336.2","Unmatched","","","",""
"AC020656.2","Unmatched","","","",""
"AC139530.1","Unmatched","","","",""
"AL358937.1","Unmatched","","","",""
"AP001350.1","Unmatched","","","",""
"AC020656.1","Unmatched","","","",""
"AC007370.2","Unmatched","","","",""
"MARCH7","Previous symbol","MARCHF7","membrane associated ring-CH-type finger 7","HGNC:17393","2q24.2"
"AC133919.2","Unmatched","","","",""
"AC007384.1","Unmatched","","","",""
"AL031058.1","Unmatched","","","",""
"AC026765.3","Unmatched","","","",""
"AC245407.2","Unmatched","","","",""
"AC008543.1","Unmatched","","","",""
"AP005264.1","Unmatched","","","",""
"AC104248.1","Unmatched","","","",""
"AC138904.3","Unmatched","","","",""
"AC110769.2","Unmatched","","","",""
"AC023906.5","Unmatched","","","",""
"AC104211.1","Unmatched","","","",""
"AC016831.7","Alias symbol","LINC00513","long intergenic non-protein coding RNA 513","HGNC:43566","7q32.3"
"AC092139.1","Unmatched","","","",""
"AC073611.1","Unmatched","","","",""
"AC009133.2","Unmatched","","","",""
"AL138921.1","Unmatched","","","",""
"AL117382.1","Unmatched","","","",""
"AC105339.6","Unmatched","","","",""
"LARS","Previous symbol","LARS1","leucyl-tRNA synthetase 1","HGNC:6512","5q32"
"AC006026.3","Unmatched","","","",""
"AP003778.1","Unmatched","","","",""
"C2orf91","Previous symbol","LINC02898","long intergenic non-protein coding RNA 2898","HGNC:42966","2p21"
"GVQW2","Previous symbol","CCDC28A-AS1","CCDC28A antisense RNA 1","HGNC:51715","6q24.1"
"AC245452.1","Unmatched","","","",""
"AC113414.1","Unmatched","","","",""
"AC007390.2","Unmatched","","","",""
"AF001548.2","Unmatched","","","",""
"THRA1/BTR","Unmatched","","","",""
"N6AMT1","Previous symbol","HEMK2","HemK methyltransferase 2, ETF1 glutamine and histone H4 lysine","HGNC:16021","21q21.3"
"AC244131.2","Unmatched","","","",""
"AC108210.1","Unmatched","","","",""
"AC099489.1","Unmatched","","","",""
"LINC01185","Previous symbol","REL-DT","REL divergent transcript","HGNC:49572","2p16.1"
"AL157938.3","Unmatched","","","",""
"AC011483.2","Unmatched","","","",""
"AL391056.2","Unmatched","","","",""
"AC079915.1","Unmatched","","","",""
"AC007695.1","Unmatched","","","",""
"AC073352.1","Alias symbol","ADPRH-AS1","ADPRH antisense RNA 1","HGNC:58775","3q13.33"
"AC073352.1","Alias symbol","TIMMDC1-DT","TIMMDC1 divergent transcript","HGNC:55207","3q13.33"
"AP000442.1","Unmatched","","","",""
"AC007405.3","Unmatched","","","",""
"AC007364.1","Unmatched","","","",""
"C1orf194","Previous symbol","CFAP276","cilia and flagella associated protein 276","HGNC:32331","1p13.3"
"AC073263.1","Unmatched","","","",""
"AC016074.2","Unmatched","","","",""
"FAM166C","Previous symbol","CIMIP2C","ciliary microtubule inner protein 2C","HGNC:27938","2p23.3"
"C12orf74","Previous symbol","PLEKHG7","pleckstrin homology and RhoGEF domain containing G7","HGNC:33829","12q22"
"C4orf19","Previous symbol","PGCKA1","PDCD10 and GCKIII kinases associated 1","HGNC:25618","4p14"
"AC092755.2","Unmatched","","","",""
"AC005363.2","Unmatched","","","",""
"HIST1H1E","Previous symbol","H1-4","H1.4 linker histone, cluster member","HGNC:4718","6p22.2"
"AC108058.1","Unmatched","","","",""
"FP236383.3","Unmatched","","","",""
"AC018695.9","Unmatched","","","",""
"C1orf61","Previous symbol","MIR9-1HG","MIR9-1 host gene","HGNC:30780","1q22"
"AC091887.1","Unmatched","","","",""
"AC073651.1","Unmatched","","","",""
"Z95331.1","Unmatched","","","",""
"AC025031.1","Unmatched","","","",""
"AC104411.1","Unmatched","","","",""
"AC083841.2","Unmatched","","","",""
"GTDC1","Previous symbol","QTMAN","queuosine-tRNA mannosyltransferase","HGNC:20887","2q22.3"
"AC137894.3","Unmatched","","","",""
"AC091132.4","Unmatched","","","",""
"AL163541.1","Unmatched","","","",""
"AC126696.3","Unmatched","","","",""
"AL589765.7","Unmatched","","","",""
"MARCH2","Previous symbol","MARCHF2","membrane associated ring-CH-type finger 2","HGNC:28038","19p13.2"
"AC093495.1","Unmatched","","","",""
"AC009163.7","Unmatched","","","",""
"AC004812.2","Alias symbol","RAB35-AS1","RAB35 antisense RNA 1","HGNC:56348","12q24.23"
"AC123768.3","Unmatched","","","",""
"AC009041.1","Unmatched","","","",""
"AC010273.3","Unmatched","","","",""
"AC011523.1","Unmatched","","","",""
"AL596214.1","Unmatched","","","",""
"AC118755.2","Unmatched","","","",""
"AC087071.1","Unmatched","","","",""
"AC121757.1","Unmatched","","","",""
"AP000942.2","Unmatched","","","",""
"ST5","Previous symbol","DENND2B","DENN domain containing 2B","HGNC:11350","11p15.4"
"AC090673.1","Unmatched","","","",""
"AC018685.2","Unmatched","","","",""
"AC090517.5","Unmatched","","","",""
"AC005899.8","Unmatched","","","",""
"AL031768.2","Unmatched","","","",""
"AC092614.1","Unmatched","","","",""
"C7orf26","Previous symbol","INTS15","integrator complex subunit 15","HGNC:21702","7p22.1"
"AP001628.1","Unmatched","","","",""
"AC074099.1","Unmatched","","","",""
"AL450992.2","Unmatched","","","",""
"AC004917.1","Unmatched","","","",""
"AC127164.1","Unmatched","","","",""
"TTC37","Previous symbol","SKIC3","SKI3 subunit of superkiller complex","HGNC:23639","5q15"
"AC068025.2","Unmatched","","","",""
"AC004231.1","Unmatched","","","",""
"AC132872.1","Unmatched","","","",""
"AC012306.2","Unmatched","","","",""
"AL096678.1","Unmatched","","","",""
"AL359921.1","Unmatched","","","",""
"AC004083.1","Unmatched","","","",""
"AC034139.1","Unmatched","","","",""
"AL138479.2","Unmatched","","","",""
"AC118553.1","Unmatched","","","",""
"AC012494.1","Unmatched","","","",""
"CD3EAP","Previous symbol","POLR1G","RNA polymerase I subunit G","HGNC:24219","19q13.32"
"AC022558.2","Unmatched","","","",""
"HIST3H2A","Previous symbol","H2AC25","H2A clustered histone 25","HGNC:20507","1q42.13"
"AC008467.1","Unmatched","","","",""
"AC007066.2","Unmatched","","","",""
"AP000866.1","Unmatched","","","",""
"AL160313.1","Unmatched","","","",""
"AC006504.5","Unmatched","","","",""
"AC008764.8","Unmatched","","","",""
"AC063952.4","Unmatched","","","",""
"AC027117.2","Unmatched","","","",""
"TMEM159","Previous symbol","LDAF1","lipid droplet assembly factor 1","HGNC:30136","16p12.3"
"AC147067.1","Unmatched","","","",""
"AC009107.2","Unmatched","","","",""
"AL136454.1","Unmatched","","","",""
"AP003120.1","Unmatched","","","",""
"AC093297.2","Unmatched","","","",""
"AL137139.2","Unmatched","","","",""
"AL358852.1","Unmatched","","","",""
"AC112907.3","Unmatched","","","",""
"AC137770.1","Unmatched","","","",""
"AC009690.2","Unmatched","","","",""
"AC034193.1","Unmatched","","","",""
"ATP5MPL","Previous symbol","ATP5MJ","ATP synthase membrane subunit j","HGNC:1188","14q32.33"
"AC007614.1","Unmatched","","","",""
"AL023803.3","Unmatched","","","",""
"AL590822.2","Unmatched","","","",""
"AC034243.1","Unmatched","","","",""
"CENPBD1","Previous symbol","CENPBD1P","CENPB DNA-binding domain containing 1, pseudogene","HGNC:28272","16q24.3"
"AC008496.2","Unmatched","","","",""
"AL078590.2","Unmatched","","","",""
"AC012358.3","Unmatched","","","",""
"AC008892.1","Unmatched","","","",""
"CCDC130","Previous symbol","YJU2B","YJU2 splicing factor homolog B","HGNC:28118","19p13.13"
"KARS","Previous symbol","KARS1","lysyl-tRNA synthetase 1","HGNC:6215","16q23.1"
"AC020558.1","Unmatched","","","",""
"AC090921.1","Unmatched","","","",""
"AL360020.1","Unmatched","","","",""
"AC008532.1","Unmatched","","","",""
"LINC02657","Previous symbol","LASTR","lncRNA associated with SART3 regulation of splicing","HGNC:54143","10p15.1"
"AL022323.1","Unmatched","","","",""
"AC005632.6","Unmatched","","","",""
"AC104066.4","Unmatched","","","",""
"AC068389.1","Unmatched","","","",""
"AC093503.1","Unmatched","","","",""
"AC078883.1","Unmatched","","","",""
"AL132780.1","Unmatched","","","",""
"AC021851.2","Unmatched","","","",""
"C17orf82","Previous symbol","LINC02875","long intergenic non-protein coding RNA 2875","HGNC:32699","17q23.2"
"AC138150.2","Unmatched","","","",""
"AC007285.1","Unmatched","","","",""
"AC025262.1","Unmatched","","","",""
"AC092343.1","Unmatched","","","",""
"AC133530.1","Unmatched","","","",""
"AC027243.3","Unmatched","","","",""
"AL355488.1","Unmatched","","","",""
"AC004707.1","Unmatched","","","",""
"AL009179.1","Unmatched","","","",""
"AL118558.3","Unmatched","","","",""
"AL096854.1","Unmatched","","","",""
"AC093227.1","Unmatched","","","",""
"AP000873.2","Unmatched","","","",""
"AP002381.2","Unmatched","","","",""
"AC007014.1","Unmatched","","","",""
"AL355388.2","Unmatched","","","",""
"AC092069.1","Unmatched","","","",""
"AC007785.1","Unmatched","","","",""
"AC067852.2","Unmatched","","","",""
"AC254629.1","Unmatched","","","",""
"AC090115.1","Unmatched","","","",""
"AL139807.1","Unmatched","","","",""
"AC068282.2","Unmatched","","","",""
"AL021155.5","Unmatched","","","",""
"AL161725.1","Unmatched","","","",""
"AC083880.1","Unmatched","","","",""
"AC018752.1","Unmatched","","","",""
"C18orf21","Previous symbol","RMP24","ribonuclease MRP subunit p24","HGNC:28802","18q12.2"
"C18orf21","Previous symbol","RMP24P1","RMP24 pseudogene 1","HGNC:57042","4q21.23"
"ZADH2","Previous symbol","PTGR3","prostaglandin reductase 3","HGNC:28697","18q22.3"
"HIST2H3D","Previous symbol","H3C13","H3 clustered histone 13","HGNC:25311","1q21.2"
"AC004834.1","Unmatched","","","",""
"AC005921.2","Unmatched","","","",""
"AL391684.1","Unmatched","","","",""
"AC093838.1","Unmatched","","","",""
"AC005091.1","Unmatched","","","",""
"HIST1H1C","Previous symbol","H1-2","H1.2 linker histone, cluster member","HGNC:4716","6p22.2"
"TMEM173","Previous symbol","STING1","stimulator of interferon response cGAMP interactor 1","HGNC:27962","5q31.2"
"AC007255.1","Unmatched","","","",""
"SMC5-AS1","Unmatched","","","",""
"AL645933.3","Unmatched","","","",""
"RRNAD1","Previous symbol","METTL25B","methyltransferase like 25B","HGNC:24273","1q23.1"
"SKIV2L","Previous symbol","SKIC2","SKI2 subunit of superkiller complex","HGNC:10898","6p21.33"
"AP001816.1","Unmatched","","","",""
"AC006008.1","Unmatched","","","",""
"AC009542.1","Unmatched","","","",""
"AC073050.1","Unmatched","","","",""
"TCTEX1D4","Previous symbol","DYNLT4","dynein light chain Tctex-type 4","HGNC:32315","1p34.1"
"AC090945.1","Unmatched","","","",""
"HIST1H2AK","Previous symbol","H2AC15","H2A clustered histone 15","HGNC:4726","6p22.1"
"AP001439.1","Unmatched","","","",""
"AC109361.1","Unmatched","","","",""
"AC027808.2","Unmatched","","","",""
"AC007448.5","Unmatched","","","",""
"AC024075.2","Unmatched","","","",""
"AC007342.4","Unmatched","","","",""
"AC091133.1","Unmatched","","","",""
"AP000785.1","Unmatched","","","",""
"AC116913.1","Unmatched","","","",""
"AL627422.2","Unmatched","","","",""
"AC090772.2","Unmatched","","","",""
"AC011511.2","Alias symbol","LIMASI","lncRNA inflammatory and mucous response associated, antisense to ICAM1","HGNC:56357","19p13.2"
"AC011477.2","Unmatched","","","",""
"AL031666.2","Unmatched","","","",""
"ZRANB2-AS2","Previous symbol","ZRANB2-DT","ZRANB2 divergent transcript","HGNC:43595","1p31.1"
"AC008894.2","Unmatched","","","",""
"AC090579.1","Unmatched","","","",""
"C10orf25","Previous symbol","ZNF22-AS1","ZNF22 antisense RNA 1","HGNC:23509","10q11.21"
"B3GNT10","Previous symbol","B3GALT9","beta-1,3-galactosyltransferase 9","HGNC:53652","9q33.2"
"AC092142.1","Unmatched","","","",""
"AC008750.7","Unmatched","","","",""
"AC073115.2","Unmatched","","","",""
"AC144652.1","Unmatched","","","",""
"AL163051.1","Unmatched","","","",""
"HIST1H2BI","Previous symbol","H2BC10","H2B clustered histone 10","HGNC:4756","6p22.2"
"AL137800.1","Unmatched","","","",""
"AC009133.1","Unmatched","","","",""
"AL162231.1","Unmatched","","","",""
"AP003717.1","Unmatched","","","",""
"AL359220.1","Unmatched","","","",""
"AL035411.3","Unmatched","","","",""
"AL590096.1","Unmatched","","","",""
"AC091212.1","Unmatched","","","",""
"AC007950.1","Unmatched","","","",""
"AL136084.2","Unmatched","","","",""
"AC006042.4","Unmatched","","","",""
"AL512343.2","Unmatched","","","",""
"Z99127.4","Unmatched","","","",""
"PARD3-AS1","Previous symbol","PARD3-DT","PARD3 divergent transcript","HGNC:44964","10p11.21"
"AC093425.1","Unmatched","","","",""
"LINC00514","Previous symbol","GREP1","glycine rich extracellular protein 1","HGNC:27549","16p13.3"
"SLC22A18","Previous symbol","SLC67A1","solute carrier family 67 member 1","HGNC:10964","11p15.4"
"ZNRD1","Previous symbol","POLR1H","RNA polymerase I subunit H","HGNC:13182","6p22.1"
"AL160408.2","Unmatched","","","",""
"AL022326.1","Unmatched","","","",""
"AP001267.3","Unmatched","","","",""
"AC008555.4","Unmatched","","","",""
"HIST1H3J","Previous symbol","H3C12","H3 clustered histone 12","HGNC:4774","6p22.1"
"TEX45","Previous symbol","SAXO5","stabilizer of axonemal microtubules 5","HGNC:24745","19p13.2"
"BX890604.2","Unmatched","","","",""
"C3orf35","Previous symbol","APRG1","APRG1 tumor suppressor candidate","HGNC:24082","3p22.2"
"NEPRO","Previous symbol","RMP64","ribonuclease MRP subunit p64","HGNC:24496","3q13.2"
"AC008937.2","Unmatched","","","",""
"LINC02193","Previous symbol","FAM157C","family with sequence similarity 157 member C","HGNC:34081","16q24.3"
"AC006460.2","Unmatched","","","",""
"AL353748.3","Unmatched","","","",""
"AL022068.1","Unmatched","","","",""
"AC069431.1","Unmatched","","","",""
"AC141930.1","Unmatched","","","",""
"AC016737.1","Unmatched","","","",""
"AC011978.2","Unmatched","","","",""
"AC092718.2","Unmatched","","","",""
"AL512288.1","Unmatched","","","",""
"AC097460.1","Unmatched","","","",""
"AC019186.1","Unmatched","","","",""
"AC008906.1","Unmatched","","","",""
"EEF1AKNMT","Previous symbol","METTL13","methyltransferase 13, eEF1A N-terminus and K55","HGNC:24248","1q24.3"
"AC007038.2","Unmatched","","","",""
"NDUFA4","Previous symbol","COXFA4","cytochrome c oxidase associated subunit FA4","HGNC:7687","7p21.3"
"AL445231.1","Unmatched","","","",""
"AC084125.2","Unmatched","","","",""
"AC245014.3","Unmatched","","","",""
"AL138762.1","Unmatched","","","",""
"FAM92A","Previous symbol","CIBAR1","CBY1 interacting BAR domain containing 1","HGNC:30452","8q22.1"
"AC010884.1","Unmatched","","","",""
"HIST1H2AI","Previous symbol","H2AC13","H2A clustered histone 13","HGNC:4725","6p22.1"
"AC079414.3","Unmatched","","","",""
"AC116362.1","Unmatched","","","",""
"AL391422.4","Unmatched","","","",""
"AC007128.2","Unmatched","","","",""
"AC060765.1","Unmatched","","","",""
"AL137847.2","Unmatched","","","",""
"AC021037.1","Unmatched","","","",""
"LINC02595","Previous symbol","MIR222HG","miR222/221 cluster host gene","HGNC:49555","Xp11.3"
"AC048382.5","Alias symbol","ZSCAN2-AS1","ZSCAN2 antisense RNA 1","HGNC:56673","15q25.2"
"AC016866.1","Unmatched","","","",""
"AC068580.5","Unmatched","","","",""
"AC007637.1","Unmatched","","","",""
"AC022395.1","Unmatched","","","",""
"AC119403.1","Unmatched","","","",""
"C1orf195","Previous symbol","TMEM51-AS2","TMEM51 antisense RNA 2","HGNC:32332","1p36.21"
"AC007996.1","Unmatched","","","",""
"AP000919.2","Unmatched","","","",""
"AC145146.1","Unmatched","","","",""
"AL353801.3","Unmatched","","","",""
"AC023509.6","Unmatched","","","",""
"AL139246.5","Unmatched","","","",""
"AC004854.2","Unmatched","","","",""
"AP000640.1","Unmatched","","","",""
"AL163952.1","Unmatched","","","",""
"AL356599.1","Unmatched","","","",""
"AL365181.3","Unmatched","","","",""
"LINC00893","Previous symbol","EOLA1-DT","EOLA1 divergent transcript","HGNC:44265","Xq28"
"AL022345.4","Unmatched","","","",""
"LINC01771","Previous symbol","LRP8-DT","LRP8 divergent transcript","HGNC:52561","1p32.3"
"WDR60","Previous symbol","DYNC2I1","dynein 2 intermediate chain 1","HGNC:21862","7q36.3"
"AL034550.3","Unmatched","","","",""
"AC004889.1","Unmatched","","","",""
"ZNF720","Previous symbol","KRABD5","KRAB domain containing 5","HGNC:26987","16p11.2"
"WDR34","Previous symbol","DYNC2I2","dynein 2 intermediate chain 2","HGNC:28296","9q34.11"
"AC012306.3","Unmatched","","","",""
"AP001033.1","Unmatched","","","",""
"LINC00476","Previous symbol","ERCC6L2-AS1","ERCC6L2 antisense RNA 1","HGNC:27858","9q22.32"
"KIAA1841","Previous symbol","SANBR","SANT and BTB domain regulator of CSR","HGNC:29387","2p15"
"AC012636.1","Unmatched","","","",""
"AL034405.1","Unmatched","","","",""
"AL353622.1","Unmatched","","","",""
"AL121987.2","Unmatched","","","",""
"AP003721.1","Unmatched","","","",""
"AC112254.1","Unmatched","","","",""
"AC147651.1","Unmatched","","","",""
"AC025539.1","Unmatched","","","",""
"AC097532.3","Unmatched","","","",""
"AC006329.1","Unmatched","","","",""
"AL353795.2","Unmatched","","","",""
"AC024267.4","Unmatched","","","",""
"AL596223.1","Unmatched","","","",""
"AC080132.1","Unmatched","","","",""
"DGCR9","Previous symbol","DGCR5","DiGeorge syndrome critical region gene 5","HGNC:16757","22q11.21"
"AL590666.4","Unmatched","","","",""
"AC002467.1","Unmatched","","","",""
"Z83843.1","Unmatched","","","",""
"AC104472.4","Unmatched","","","",""
"H1FX","Previous symbol","H1-10","H1.10 linker histone","HGNC:4722","3q21.3"
"AL358232.2","Unmatched","","","",""
"TMEM189","Previous symbol","PEDS1","plasmanylethanolamine desaturase 1","HGNC:16735","20q13.13"
"AC068620.1","Unmatched","","","",""
"AL354740.1","Unmatched","","","",""
"AC079848.1","Unmatched","","","",""
"AL109955.1","Unmatched","","","",""
"AL139383.1","Unmatched","","","",""
"AC139887.2","Unmatched","","","",""
"AP002448.1","Unmatched","","","",""
"AC007566.1","Unmatched","","","",""
"AC105052.5","Unmatched","","","",""
"AC104316.1","Unmatched","","","",""
"AL359258.2","Unmatched","","","",""
"ADPRHL2","Previous symbol","ADPRS","ADP-ribosylserine hydrolase","HGNC:21304","1p34.3"
"AL035252.3","Unmatched","","","",""
"AL034550.2","Unmatched","","","",""
"AL390719.2","Unmatched","","","",""
"CCDC114","Previous symbol","ODAD1","outer dynein arm docking complex subunit 1","HGNC:26560","19q13.33"
"AC008700.1","Unmatched","","","",""
"AL357033.4","Unmatched","","","",""
"AC005076.1","Unmatched","","","",""
"AL139099.1","Unmatched","","","",""
"AC092919.1","Unmatched","","","",""
"AC103760.1","Alias symbol","WWP1-AS1","WWP1 antisense RNA 1","HGNC:55520","8q21.3"
"AL121601.1","Unmatched","","","",""
"AL354993.2","Unmatched","","","",""
"AC109472.1","Unmatched","","","",""
"AL353135.2","Unmatched","","","",""
"AC093627.4","Unmatched","","","",""
"AL109840.2","Unmatched","","","",""
"AL158167.1","Unmatched","","","",""
"AL353697.1","Unmatched","","","",""
"AC093512.2","Unmatched","","","",""
"AC023794.6","Unmatched","","","",""
"AC008674.1","Unmatched","","","",""
"AC010336.3","Unmatched","","","",""
"AC010896.1","Unmatched","","","",""
"AC005865.2","Unmatched","","","",""
"AC020916.1","Alias symbol","ZSWIM4-AS1","ZSWIM4 antisense RNA 1","HGNC:58773","19p13.13"
"AL117379.1","Unmatched","","","",""
"AL451165.2","Unmatched","","","",""
"AL033530.1","Unmatched","","","",""
"AC012447.1","Unmatched","","","",""
"AC021752.1","Unmatched","","","",""
"AC008738.3","Unmatched","","","",""
"AC000061.1","Unmatched","","","",""
"CCDC103","Previous symbol","DNAAF19","dynein axonemal assembly factor 19","HGNC:32700","17q21.31"
"TNRC6C-AS1","Previous symbol","TMC6","transmembrane channel like 6","HGNC:18021","17q25.3"
"AL392046.1","Unmatched","","","",""
"AC016644.1","Unmatched","","","",""
"AC012184.4","Unmatched","","","",""
"AP001001.1","Unmatched","","","",""
"AC053545.1","Unmatched","","","",""
"AF196972.1","Unmatched","","","",""
"AC125494.1","Unmatched","","","",""
"AC092159.2","Alias symbol","TMEM18-DT","TMEM18 divergent transcript","HGNC:54481","2p25.3"
"AC011479.4","Unmatched","","","",""
"AC087284.1","Unmatched","","","",""
"AC008764.6","Unmatched","","","",""
"AC104461.1","Unmatched","","","",""
"FAM160A1","Previous symbol","FHIP1A","FHF complex subunit HOOK interacting protein 1A","HGNC:34237","4q31.3"
"MFSD3","Previous symbol","SLC33A2","solute carrier family 33 member 2","HGNC:25157","8q24.3"
"AC009403.1","Unmatched","","","",""
"AC131944.1","Unmatched","","","",""
"AL445248.1","Unmatched","","","",""
"AL590064.1","Unmatched","","","",""
"AL137785.1","Unmatched","","","",""
"AL139022.1","Unmatched","","","",""
"AC009554.1","Unmatched","","","",""
"C19orf48","Previous symbol","C19orf48P","chromosome 19 open reading frame 48, pseudogene","HGNC:29667","19q13.33"
"AF064858.1","Unmatched","","","",""
"AL161729.1","Unmatched","","","",""
"AC092910.3","Unmatched","","","",""
"AC022463.1","Unmatched","","","",""
"AL118511.1","Unmatched","","","",""
"AC093627.5","Unmatched","","","",""
"NARS","Previous symbol","NARS1","asparaginyl-tRNA synthetase 1","HGNC:7643","18q21.31"
"AC020687.1","Unmatched","","","",""
"C4orf48","Previous symbol","NICOL1","NELL2 interacting cell ontogeny regulator 1","HGNC:34437","4p16.3"
"AC019211.1","Unmatched","","","",""
"AC114781.2","Unmatched","","","",""
"AP001207.3","Unmatched","","","",""
"H2AFX","Previous symbol","H2AX","H2A.X variant histone","HGNC:4739","11q23.3"
"AL592148.3","Unmatched","","","",""
"AC022916.1","Unmatched","","","",""
"AC108751.4","Unmatched","","","",""
"AC013287.1","Unmatched","","","",""
"AC005944.1","Unmatched","","","",""
"AC040970.1","Unmatched","","","",""
"EFCAB2","Previous symbol","DRC8","dynein regulatory complex subunit 8","HGNC:28166","1q44"
"AL589740.1","Unmatched","","","",""
"AC005280.1","Unmatched","","","",""
"AC005726.2","Unmatched","","","",""
"AC016682.1","Unmatched","","","",""
"AC003681.1","Unmatched","","","",""
"AC016831.1","Unmatched","","","",""
"AC011472.2","Unmatched","","","",""
"C9orf147","Previous symbol","HSDL2-AS1","HSDL2 antisense RNA 1","HGNC:31438","9q32"
"MRPS36","Previous symbol","KGD4","alpha-ketoglutarate dehydrogenase subunit 4","HGNC:16631","5q13.2"
"AL132857.1","Unmatched","","","",""
"AC009005.1","Unmatched","","","",""
"AC092802.2","Unmatched","","","",""
"AC006160.1","Alias symbol","MED28-DT","MED28 divergent transcript","HGNC:55567","4p15.32"
"AC116158.3","Unmatched","","","",""
"AL583722.3","Unmatched","","","",""
"AC124045.1","Unmatched","","","",""
"AC096564.1","Unmatched","","","",""
"Z82215.1","Unmatched","","","",""
"AL592211.2","Unmatched","","","",""
"AC010280.1","Unmatched","","","",""
"LINC00271","Previous symbol","AHI1-DT","AHI1 divergent transcript","HGNC:32526","6q23.3"
"AL354710.2","Unmatched","","","",""
"TMEM104","Previous symbol","SLC38A12","solute carrier family 38 member 12","HGNC:25984","17q25.1"
"FP565260.1","Unmatched","","","",""
"AL353572.4","Unmatched","","","",""
"AC102953.2","Unmatched","","","",""
"AC026471.1","Unmatched","","","",""
"HIST1H2BF","Previous symbol","H2BC7","H2B clustered histone 7","HGNC:4752","6p22.2"
"AC018797.3","Unmatched","","","",""
"AL121790.1","Unmatched","","","",""
"AL096701.3","Unmatched","","","",""
"AC099509.1","Unmatched","","","",""
"AC018645.3","Unmatched","","","",""
"AC117528.1","Unmatched","","","",""
"AC073878.1","Unmatched","","","",""
"TMEM249","Previous symbol","CATSPERQ","catsper channel auxiliary subunit theta","HGNC:44155","8q24.3"
"AP000697.1","Unmatched","","","",""
"AC008438.1","Unmatched","","","",""
"AL442067.3","Unmatched","","","",""
"AC098829.1","Unmatched","","","",""
"AL132780.2","Unmatched","","","",""
"AC002463.1","Unmatched","","","",""
"AL162171.1","Unmatched","","","",""
"AC016168.2","Unmatched","","","",""
"Z99572.1","Unmatched","","","",""
"AL031600.1","Unmatched","","","",""
"AC023024.1","Unmatched","","","",""
"AC233280.1","Unmatched","","","",""
"AL033504.1","Unmatched","","","",""
"AC244033.2","Alias symbol","VPS45-AS1","VPS45 antisense RNA 1","HGNC:58766","1q21.2"
"AC005920.2","Unmatched","","","",""
"AC007292.3","Unmatched","","","",""
"AP002748.6","Unmatched","","","",""
"AC008119.1","Unmatched","","","",""
"AL358781.1","Unmatched","","","",""
"AL606760.1","Unmatched","","","",""
"AL589843.1","Unmatched","","","",""
"AC005062.1","Unmatched","","","",""
"AC090114.2","Alias symbol","LINC03072","long intergenic non-protein coding RNA 3072","HGNC:56650","7q32.1"
"AC242426.2","Unmatched","","","",""
"AC023389.1","Unmatched","","","",""
"CSE1L-AS1","Previous symbol","CSE1L-DT","CSE1L divergent transcript","HGNC:51232","20q13.13"
"AC010883.3","Unmatched","","","",""
"AC091729.3","Unmatched","","","",""
"AC010997.3","Unmatched","","","",""
"AC009831.1","Unmatched","","","",""
"AC099518.4","Unmatched","","","",""
"AP005136.3","Unmatched","","","",""
"AC011481.2","Unmatched","","","",""
"IARS","Previous symbol","IARS1","isoleucyl-tRNA synthetase 1","HGNC:5330","9q22.31"
"AC139722.1","Unmatched","","","",""
"AL355001.1","Unmatched","","","",""
"AC105020.6","Unmatched","","","",""
"AP001610.2","Unmatched","","","",""
"AC012501.2","Unmatched","","","",""
"AL162586.1","Unmatched","","","",""
"AL161804.1","Unmatched","","","",""
"AL035693.1","Unmatched","","","",""
"AC009403.2","Unmatched","","","",""
"AC006042.2","Unmatched","","","",""
"AC069277.1","Unmatched","","","",""
"AL353759.1","Alias symbol","H2BC6-AS1","H2BC6 antisense RNA 1","HGNC:56682","6p22.2"
"MFSD10","Previous symbol","SLC75A1","solute carrier family 75 member 1","HGNC:16894","4p16.3"
"AC007298.1","Unmatched","","","",""
"AC124242.1","Unmatched","","","",""
"AC004156.1","Unmatched","","","",""
"AC087482.1","Unmatched","","","",""
"AC010491.1","Unmatched","","","",""
"AL117336.2","Unmatched","","","",""
"MFSD5","Previous symbol","SLC61A1","solute carrier family 61 member 1","HGNC:28156","12q13.13"
"AC010538.1","Unmatched","","","",""
"AC138627.1","Unmatched","","","",""
"AL354809.1","Unmatched","","","",""
"AC092650.1","Unmatched","","","",""
"AC009501.3","Unmatched","","","",""
"KRBA2","Previous symbol","KRABD2","KRAB domain containing 2","HGNC:26989","17p13.1"
"AC010761.3","Unmatched","","","",""
"AC006547.1","Unmatched","","","",""
"AC002550.1","Unmatched","","","",""
"HIST1H2BD","Previous symbol","H2BC5","H2B clustered histone 5","HGNC:4747","6p22.2"
"AC009060.1","Unmatched","","","",""
"AL035701.1","Unmatched","","","",""
"AC244153.1","Unmatched","","","",""
"AC020891.2","Unmatched","","","",""
"AC073195.1","Unmatched","","","",""
"AC110597.3","Unmatched","","","",""
"AP000769.6","Unmatched","","","",""
"AC138207.2","Unmatched","","","",""
"AL592295.5","Unmatched","","","",""
"AC138470.2","Unmatched","","","",""
"AL035661.1","Alias symbol","LINC02967","long intergenic non-protein coding RNA 2967","HGNC:56007","20p11.21"
"AP000229.1","Unmatched","","","",""
"AL442125.1","Unmatched","","","",""
"AL583810.1","Unmatched","","","",""
"AC008897.2","Unmatched","","","",""
"AC012443.2","Unmatched","","","",""
"AC011444.1","Unmatched","","","",""
"AC007773.1","Unmatched","","","",""
"AC092279.1","Unmatched","","","",""
"AC104041.1","Alias symbol","LINC01418","long intergenic non-protein coding RNA 1418","HGNC:50711","15q25.2"
"AP001160.1","Unmatched","","","",""
"AC118469.2","Unmatched","","","",""
"AC099791.2","Unmatched","","","",""
"AC107081.2","Unmatched","","","",""
"AC009505.1","Unmatched","","","",""
"AC018978.1","Unmatched","","","",""
"C12orf10","Previous symbol","MYG1","MYG1 exonuclease","HGNC:17590","12q13.13"
"AC084018.2","Unmatched","","","",""
"ILVBL","Previous symbol","HACL2","2-hydroxyacyl-CoA lyase 2","HGNC:6041","19p13.12"
"AC015871.7","Unmatched","","","",""
"AL513477.2","Unmatched","","","",""
"AP005271.1","Unmatched","","","",""
"AC087276.2","Unmatched","","","",""
"AC096677.1","Alias symbol","CSRP1-AS1","CSRP1 antisense RNA 1","HGNC:55856","1q32.1"
"MFSD14B","Previous symbol","SLC71A2","solute carrier family 71 member 2","HGNC:23376","9q22.32"
"AC073593.2","Unmatched","","","",""
"AC007780.1","Unmatched","","","",""
"AC010642.2","Unmatched","","","",""
"AC068580.2","Unmatched","","","",""
"AL035427.1","Unmatched","","","",""
"AC023509.3","Unmatched","","","",""
"AL157938.2","Unmatched","","","",""
"AC008105.1","Unmatched","","","",""
"H1F0","Previous symbol","H1-0","H1.0 linker histone","HGNC:4714","22q13.1"
"AC016735.1","Unmatched","","","",""
"AL139220.2","Unmatched","","","",""
"AL157395.1","Unmatched","","","",""
"AC018730.1","Unmatched","","","",""
"HIST1H2AL","Previous symbol","H2AC16","H2A clustered histone 16","HGNC:4730","6p22.1"
"AC006994.2","Unmatched","","","",""
"AL022311.1","Unmatched","","","",""
"AC091982.3","Unmatched","","","",""
"AL139288.1","Unmatched","","","",""
"AC079145.1","Unmatched","","","",""
"AC009262.1","Unmatched","","","",""
"AC011472.3","Unmatched","","","",""
"AC005586.1","Unmatched","","","",""
"AC011405.1","Unmatched","","","",""
"AC004466.1","Unmatched","","","",""
"AL139260.1","Unmatched","","","",""
"AC243562.3","Unmatched","","","",""
"AC004233.2","Unmatched","","","",""
"AL365181.2","Unmatched","","","",""
"AC091544.4","Unmatched","","","",""
"LINC00909","Previous symbol","ZNF407-AS1","ZNF407 antisense RNA 1","HGNC:44331","18q22.3"
"AC093599.2","Unmatched","","","",""
"AC005476.2","Unmatched","","","",""
"AC156455.1","Alias symbol","LINC02985","long intergenic non-protein coding RNA 2985","HGNC:56073","12q24.31"
"AC006116.8","Unmatched","","","",""
"AC137695.3","Unmatched","","","",""
"AC012555.1","Unmatched","","","",""
"AC005618.4","Unmatched","","","",""
"AC093323.1","Unmatched","","","",""
"AL662884.3","Unmatched","","","",""
"AC127526.5","Unmatched","","","",""
"AC025682.1","Unmatched","","","",""
"FAM49B","Previous symbol","CYRIB","CYFIP related Rac1 interactor B","HGNC:25216","8q24.21"
"AP001107.1","Unmatched","","","",""
"AL109936.6","Unmatched","","","",""
"AL031668.2","Unmatched","","","",""
"AL353796.1","Unmatched","","","",""
"USP27X-AS1","Previous symbol","USP27X-DT","USP27X divergent transcript","HGNC:27249","Xp11.23"
"AC023355.1","Unmatched","","","",""
"AC008915.2","Unmatched","","","",""
"AL354920.1","Unmatched","","","",""
"AC005052.2","Unmatched","","","",""
"AL031663.3","Unmatched","","","",""
"RFX3-AS1","Previous symbol","RFX3-DT","RFX3 divergent transcript","HGNC:51197","9p24.2"
"AC005962.2","Unmatched","","","",""
"AC011444.3","Unmatched","","","",""
"AL158835.2","Unmatched","","","",""
"C1orf229","Previous symbol","LINC02897","long intergenic non-protein coding RNA 2897","HGNC:33759","1q44"
"AC124067.4","Unmatched","","","",""
"AC231533.1","Unmatched","","","",""
"AC022893.1","Unmatched","","","",""
"AP000753.2","Unmatched","","","",""
"AL354743.2","Unmatched","","","",""
"AC079949.3","Unmatched","","","",""
"AC022613.2","Unmatched","","","",""
"AL355483.1","Unmatched","","","",""
"WARS","Previous symbol","WARS1","tryptophanyl-tRNA synthetase 1","HGNC:12729","14q32.2"
"AC011476.3","Unmatched","","","",""
"HIF1A-AS3","Previous symbol","HIF1A-AS1","HIF1A antisense RNA 1","HGNC:43014","14q23.2"
"MARCH9","Previous symbol","MARCHF9","membrane associated ring-CH-type finger 9","HGNC:25139","12q14.1"
"AC090971.2","Unmatched","","","",""
"AC007038.1","Unmatched","","","",""
"AP000787.1","Unmatched","","","",""
"AC104653.1","Alias symbol","ACTR3-AS1","ACTR3 antisense RNA 1","HGNC:53965","2q14.1"
"AP000525.1","Unmatched","","","",""
"AC025048.2","Unmatched","","","",""
"AC093249.6","Unmatched","","","",""
"AC005520.2","Unmatched","","","",""
"AL121832.2","Alias symbol","RPS21-DT","RPS21 divergent transcript","HGNC:56740","20q13.33"
"AL355490.1","Unmatched","","","",""
"AC027307.1","Unmatched","","","",""
"AL359715.3","Unmatched","","","",""
"AC097359.2","Unmatched","","","",""
"AL023882.1","Unmatched","","","",""
"C2orf50","Previous symbol","CIMIP5","ciliary microtubule inner protein 5","HGNC:26324","2p25.1"
"AL078604.4","Unmatched","","","",""
"AC067930.8","Unmatched","","","",""
"AC025257.1","Unmatched","","","",""
"AC104958.1","Unmatched","","","",""
"AC114321.1","Unmatched","","","",""
"AC096576.2","Unmatched","","","",""
"TMEM199","Previous symbol","VMA12","vacuolar ATPase assembly factor VMA12","HGNC:18085","17q11.2"
"AL157369.1","Unmatched","","","",""
"TMEM99","Previous symbol","KRT10-AS1","KRT10 antisense RNA 1","HGNC:28305","17q21.2"
"AC078881.1","Unmatched","","","",""
"AC234917.3","Unmatched","","","",""
"HIST1H3I","Previous symbol","H3C11","H3 clustered histone 11","HGNC:4771","6p22.1"
"AC135050.3","Unmatched","","","",""
"AP001625.2","Unmatched","","","",""
"CCDC96","Previous symbol","CFAP184","cilia and flagella associated protein 184","HGNC:26900","4p16.1"
"AC004923.4","Unmatched","","","",""
"AC091132.2","Unmatched","","","",""
"AC015845.1","Unmatched","","","",""
"AC091849.2","Unmatched","","","",""
"AC024588.1","Unmatched","","","",""
"AC010998.3","Unmatched","","","",""
"AC093535.1","Unmatched","","","",""
"AC022762.2","Unmatched","","","",""
"AC025263.1","Unmatched","","","",""
"AC012645.1","Unmatched","","","",""
"AL109917.1","Unmatched","","","",""
"AC012020.1","Unmatched","","","",""
"AC037459.2","Unmatched","","","",""
"AC131009.1","Alias symbol","PUS1-AS1","PUS1 antisense RNA 1","HGNC:40706","12q24.33"
"AL162253.2","Unmatched","","","",""
"AC008443.1","Unmatched","","","",""
"AL133520.1","Unmatched","","","",""
"AC009522.1","Unmatched","","","",""
"AL357153.2","Unmatched","","","",""
"AC010255.1","Unmatched","","","",""
"AL691432.2","Unmatched","","","",""
"AC015563.2","Unmatched","","","",""
"AC011445.2","Unmatched","","","",""
"AC079447.1","Unmatched","","","",""
"AC092171.3","Unmatched","","","",""
"AL592166.1","Unmatched","","","",""
"AL137002.2","Unmatched","","","",""
"AC015712.2","Unmatched","","","",""
"AC099342.1","Unmatched","","","",""
"AC099661.1","Unmatched","","","",""
"AC008747.1","Unmatched","","","",""
"AC010327.4","Unmatched","","","",""
"AC021218.1","Unmatched","","","",""
"AL358472.2","Unmatched","","","",""
"Z94721.3","Unmatched","","","",""
"ARMT1","Previous symbol","DCPH1","damage control phosphatase 1","HGNC:17872","6q25.1"
"AC010173.1","Unmatched","","","",""
"WDR78","Previous symbol","DNAI4","dynein axonemal intermediate chain 4","HGNC:26252","1p31.3"
"AL160006.1","Unmatched","","","",""
"IMPAD1","Previous symbol","BPNT2","3'(2'), 5'-bisphosphate nucleotidase 2","HGNC:26019","8q12.1"
"AL121603.2","Unmatched","","","",""
"AC024075.1","Unmatched","","","",""
"AC010210.1","Unmatched","","","",""
"METTL7B","Previous symbol","TMT1B","thiol methyltransferase 1B","HGNC:28276","12q13.2"
"AC026333.3","Unmatched","","","",""
"AC011611.4","Unmatched","","","",""
"AL133367.1","Unmatched","","","",""
"AC007533.1","Unmatched","","","",""
"AC010149.1","Unmatched","","","",""
"Z99716.2","Unmatched","","","",""
"AC022762.1","Unmatched","","","",""
"AC010325.1","Unmatched","","","",""
"AC018557.1","Unmatched","","","",""
"AP003469.4","Alias symbol","ZNNT1","ZNF706 neighboring transcript 1","HGNC:54438","8q22.3"
"AC073389.1","Unmatched","","","",""
"AP001453.2","Unmatched","","","",""
"LINC01481","Previous symbol","PRANCR","progenitor renewal associated non-coding RNA","HGNC:51126","12q15"
"AC007622.2","Unmatched","","","",""
"AC004974.1","Unmatched","","","",""
"AC008629.1","Unmatched","","","",""
"FOPNL","Previous symbol","CEP20","centrosomal protein 20","HGNC:26435","16p13.11"
"FUT10","Previous symbol","POFUT3","protein O-fucosyltransferase 3","HGNC:19234","8p12"
"AL353194.1","Unmatched","","","",""
"AC010327.7","Unmatched","","","",""
"AC013652.1","Unmatched","","","",""
"AC068389.3","Unmatched","","","",""
"AP001442.1","Unmatched","","","",""
"BX255925.4","Unmatched","","","",""
"AC025178.1","Unmatched","","","",""
"C16orf58","Previous symbol","RUSF1","RUS family member 1","HGNC:25848","16p11.2"
"AC139887.1","Unmatched","","","",""
"AL035420.1","Unmatched","","","",""
"FAM71F2","Previous symbol","GARIN1A","golgi associated RAB2 interactor 1A","HGNC:27998","7q32.1"
"AC091078.1","Unmatched","","","",""
"AC243964.3","Unmatched","","","",""
"AC004803.1","Unmatched","","","",""
"AC019118.2","Unmatched","","","",""
"METTL7A","Previous symbol","TMT1A","thiol methyltransferase 1A","HGNC:24550","12q13.12"
"AJ006995.1","Unmatched","","","",""
"AC016876.1","Alias symbol","MPDU1-AS1","MPDU1 antisense RNA 1","HGNC:40379","17p13.1"
"BX293535.1","Unmatched","","","",""
"AC025180.1","Unmatched","","","",""
"AC017101.1","Unmatched","","","",""
"AL445253.1","Unmatched","","","",""
"AC090015.1","Unmatched","","","",""
"AC092683.1","Alias symbol","APPAT","atherosclerotic plaque pathogenesis associated transcript","HGNC:56009","2q11.2"
"AC005606.2","Unmatched","","","",""
"HIST1H2BG","Previous symbol","H2BC8","H2B clustered histone 8","HGNC:4746","6p22.2"
"AC002429.2","Unmatched","","","",""
"AL133480.1","Unmatched","","","",""
"AL021707.2","Unmatched","","","",""
"AC036103.1","Unmatched","","","",""
"AC092171.5","Alias symbol","LINC03073","long intergenic non-protein coding RNA 3073","HGNC:56651","7p22.1"
"AC026356.2","Unmatched","","","",""
"AC004938.2","Unmatched","","","",""
"AC215522.2","Unmatched","","","",""
"AC087500.1","Unmatched","","","",""
"AC008946.1","Unmatched","","","",""
"AL031963.1","Unmatched","","","",""
"AC021087.1","Unmatched","","","",""
"AC007405.1","Unmatched","","","",""
"AC119396.2","Unmatched","","","",""
"MARS","Previous symbol","MARS1","methionyl-tRNA synthetase 1","HGNC:6898","12q13.3"
"AP005899.1","Unmatched","","","",""
"AC021092.1","Unmatched","","","",""
"AL591368.1","Unmatched","","","",""
"AC064807.1","Unmatched","","","",""
"AP000867.5","Unmatched","","","",""
"AC078983.1","Unmatched","","","",""
"AL117381.1","Unmatched","","","",""
"AP006621.3","Unmatched","","","",""
"AC016723.1","Unmatched","","","",""
"LINC00653","Previous symbol","LCDR","lysosome cell death regulator","HGNC:44308","20p11.23"
"AC100814.1","Unmatched","","","",""
"AC005670.1","Unmatched","","","",""
"TMEM251","Previous symbol","LYSET","lysosomal enzyme trafficking factor","HGNC:20218","14q32.12"
"TARSL2","Previous symbol","TARS3","threonyl-tRNA synthetase 3","HGNC:24728","15q26.3"
"AC006504.7","Unmatched","","","",""
"AL109984.1","Unmatched","","","",""
"AC107027.1","Unmatched","","","",""
"AC073842.2","Unmatched","","","",""
"AP003119.1","Unmatched","","","",""
"AL512662.2","Unmatched","","","",""
"AL589765.4","Unmatched","","","",""
"AL451070.1","Unmatched","","","",""
"AC100821.2","Unmatched","","","",""
"AC008440.1","Unmatched","","","",""
"Z69733.1","Unmatched","","","",""
"AC008735.2","Unmatched","","","",""
"AC002310.2","Unmatched","","","",""
"AC046143.1","Unmatched","","","",""
"AC018695.6","Unmatched","","","",""
"AC092969.1","Unmatched","","","",""
"AC021321.1","Alias symbol","ARFGEF1-DT","ARFGEF1 divergent transcript","HGNC:55237","8q13.2"
"AL049637.1","Unmatched","","","",""
"AC006299.1","Unmatched","","","",""
"C11orf54","Previous symbol","BKGD","beta-keto-L-gulonate decarboxylase","HGNC:30204","11q21"
"AC025569.1","Unmatched","","","",""
"AC019117.1","Unmatched","","","",""
"AL136987.1","Unmatched","","","",""
"AC005332.6","Unmatched","","","",""
"AL136040.1","Unmatched","","","",""
"AC087280.2","Unmatched","","","",""
"AC096719.1","Unmatched","","","",""
"BX322234.1","Unmatched","","","",""
"ODF3B","Previous symbol","CIMAP1B","ciliary microtubule associated protein 1B","HGNC:34388","22q13.33"
"C11orf45","Previous symbol","KCNJ5-AS1","KCNJ5 antisense RNA 1","HGNC:28584","11q24.3"
"AL391832.4","Unmatched","","","",""
"AL391095.1","Unmatched","","","",""
"AL359878.1","Unmatched","","","",""
"AC053527.2","Unmatched","","","",""
"AL499602.1","Unmatched","","","",""
"AC008083.2","Unmatched","","","",""
"EPRS","Previous symbol","EPRS1","glutamyl-prolyl-tRNA synthetase 1","HGNC:3418","1q41"
"AC005532.1","Unmatched","","","",""
"AC073254.1","Unmatched","","","",""
"AC027682.6","Unmatched","","","",""
"AL691403.1","Unmatched","","","",""
"AC021016.2","Unmatched","","","",""
"AP000851.1","Alias symbol","MMP20-AS1","MMP20 antisense RNA 1","HGNC:56362","11q22.2"
"AL138701.2","Unmatched","","","",""
"KIF1BP","Previous symbol","KIFBP","kinesin family binding protein","HGNC:23419","10q22.1"
"LINC02246","Previous symbol","ASMER1","adipocyte associated metabolic related lncRNA 1","HGNC:53135","21q11.2"
"AC010996.1","Unmatched","","","",""
"AC026412.3","Alias symbol","LINC03067","long intergenic non-protein coding RNA 3067","HGNC:56639","5p15.33"
"AC087164.1","Unmatched","","","",""
"AC005726.1","Unmatched","","","",""
"AC010735.2","Unmatched","","","",""
"AC007613.1","Alias symbol","TXNDC11-AS1","TXNDC11 antisense RNA 1","HGNC:56375","16p13.13"
"AL121992.1","Unmatched","","","",""
"UHRF1BP1L","Previous symbol","BLTP3B","bridge-like lipid transfer protein family member 3B","HGNC:29102","12q23.1"
"AL133477.2","Unmatched","","","",""
"AL807742.1","Unmatched","","","",""
"AC092849.1","Unmatched","","","",""
"AC026979.4","Unmatched","","","",""
"C9orf16","Previous symbol","BBLN","bublin coiled coil protein","HGNC:17823","9q34.11"
"AL138902.1","Unmatched","","","",""
